708793|0|708793|0|0|0
708793|0|708793|0|0|0
708793|0|708793|0|0|0
708793|0|708793|0|0|0
708793|0|708793|0|0|0
750185|0|750185|0|0|0
791577|0|791577|0|0|0
791577|0|791577|0|0|0
791577|0|791577|0|0|0
791577|0|791577|0|0|0
791577|0|791577|0|0|0
791577|0|791577|0|0|0
832969|0|832969|0|0|0
874361|0|874361|0|0|0
874361|0|874361|0|0|0
874361|0|874361|0|0|0
874361|0|874361|0|0|0
874361|0|874361|0|0|0
874361|0|874361|0|0|0
915753|0|915753|0|0|0
957145|0|957145|0|0|0
957145|0|957145|0|0|0
957145|0|957145|0|0|0
957145|0|957145|0|0|0
957145|0|957145|0|0|0
957145|0|957145|0|0|0
998537|0|998537|0|0|0
1039929|0|1039929|0|0|0
1039929|0|1039929|0|0|0
1039929|0|1039929|0|0|0
1039929|0|1039929|0|0|0
1039929|0|1039929|0|0|0
2438529|1398600|1039929|0|0|0
2479921|1398600|1081321|0|0|0
2521313|1398600|1122713|0|0|0
2521313|1398600|1122713|0|0|0
2521313|1398600|1122713|0|0|0
2521313|1398600|1122713|0|0|0
2521313|1398600|1122713|0|0|0
2521313|1398600|1122713|0|0|0
2562705|1398600|1164105|0|0|0
2604097|1398600|1205497|0|0|0
2604097|1398600|1205497|0|0|0
2604097|1398600|1205497|0|0|0
2604097|1398600|1205497|0|0|0
2604097|1398600|1205497|0|0|0
2604097|1398600|1205497|0|0|0
2645489|1398600|1246889|0|0|0
2686881|1398600|1288281|0|0|0
2686881|1398600|1288281|0|0|0
2686881|1398600|1288281|0|0|0
2686881|1398600|1288281|0|0|0
2686881|1398600|1288281|0|0|0
2686881|1398600|1288281|0|0|0
2728273|1398600|1329673|0|0|0
2769665|1398600|1371065|0|0|0
2769665|1398600|1371065|0|0|0
2769665|1398600|1371065|0|0|0
2769665|1398600|1371065|0|0|0
2769665|1398600|1371065|0|0|0
2769665|1398600|1371065|0|0|0
2811057|1398600|1412457|0|0|0
2852449|1398600|1453849|0|0|0
2852449|1398600|1453849|0|0|0
2852449|1398600|1453849|0|0|0
2852449|1398600|1453849|0|0|0
3852982|1398600|1453849|1000533|0|0
3852982|1398600|1453849|1000533|0|0
3894374|1398600|1495241|1000533|0|0
3935766|1398600|1536633|1000533|0|0
3935766|1398600|1536633|1000533|0|0
3935766|1398600|1536633|1000533|0|0
3935766|1398600|1536633|1000533|0|0
3935766|1398600|1536633|1000533|0|0
3935766|1398600|1536633|1000533|0|0
3977158|1398600|1578025|1000533|0|0
4018550|1398600|1619417|1000533|0|0
4018550|1398600|1619417|1000533|0|0
4018550|1398600|1619417|1000533|0|0
4018550|1398600|1619417|1000533|0|0
4018550|1398600|1619417|1000533|0|0
4018550|1398600|1619417|1000533|0|0
4059942|1398600|1660809|1000533|0|0
4101334|1398600|1702201|1000533|0|0
4101334|1398600|1702201|1000533|0|0
4101334|1398600|1702201|1000533|0|0
4101334|1398600|1702201|1000533|0|0
4101334|1398600|1702201|1000533|0|0
4101334|1398600|1702201|1000533|0|0
4142726|1398600|1743593|1000533|0|0
4184118|1398600|1784985|1000533|0|0
4184118|1398600|1784985|1000533|0|0
4184118|1398600|1784985|1000533|0|0
4184118|1398600|1784985|1000533|0|0
4184118|1398600|1784985|1000533|0|0
4184118|1398600|1784985|1000533|0|0
4225510|1398600|1826377|1000533|0|0
4266902|1398600|1867769|1000533|0|0
5665502|2797200|1867769|1000533|0|0
5665502|2797200|1867769|1000533|0|0
5665502|2797200|1867769|1000533|0|0
5665502|2797200|1867769|1000533|0|0
5665502|2797200|1867769|1000533|0|0
5706894|2797200|1909161|1000533|0|0
5748286|2797200|1950553|1000533|0|0
5748286|2797200|1950553|1000533|0|0
5748286|2797200|1950553|1000533|0|0
5748286|2797200|1950553|1000533|0|0
5748286|2797200|1950553|1000533|0|0
5748286|2797200|1950553|1000533|0|0
5789678|2797200|1991945|1000533|0|0
5831070|2797200|2033337|1000533|0|0
5831070|2797200|2033337|1000533|0|0
5831070|2797200|2033337|1000533|0|0
5831070|2797200|2033337|1000533|0|0
5831070|2797200|2033337|1000533|0|0
5831070|2797200|2033337|1000533|0|0
5872462|2797200|2074729|1000533|0|0
5913854|2797200|2116121|1000533|0|0
5913854|2797200|2116121|1000533|0|0
5913854|2797200|2116121|1000533|0|0
5913854|2797200|2116121|1000533|0|0
5913854|2797200|2116121|1000533|0|0
5913854|2797200|2116121|1000533|0|0
5955246|2797200|2157513|1000533|0|0
5996638|2797200|2198905|1000533|0|0
5996638|2797200|2198905|1000533|0|0
5996638|2797200|2198905|1000533|0|0
5996638|2797200|2198905|1000533|0|0
5996638|2797200|2198905|1000533|0|0
6581756|2797200|2198905|1000533|585118|0
6623148|2797200|2240297|1000533|585118|0
6664540|2797200|2281689|1000533|585118|0
6664540|2797200|2281689|1000533|585118|0
6664540|2797200|2281689|1000533|585118|0
6664540|2797200|2281689|1000533|585118|0
6664540|2797200|2281689|1000533|585118|0
6664540|2797200|2281689|1000533|585118|0
6705932|2797200|2323081|1000533|585118|0
6747324|2797200|2364473|1000533|585118|0
6747324|2797200|2364473|1000533|585118|0
6747324|2797200|2364473|1000533|585118|0
6747324|2797200|2364473|1000533|585118|0
6747324|2797200|2364473|1000533|585118|0
6747324|2797200|2364473|1000533|585118|0
6788716|2797200|2405865|1000533|585118|0
6830108|2797200|2447257|1000533|585118|0
6830108|2797200|2447257|1000533|585118|0
6830108|2797200|2447257|1000533|585118|0
6830108|2797200|2447257|1000533|585118|0
6830108|2797200|2447257|1000533|585118|0
6830108|2797200|2447257|1000533|585118|0
6871500|2797200|2488649|1000533|585118|0
6912892|2797200|2530041|1000533|585118|0
6912892|2797200|2530041|1000533|585118|0
6912892|2797200|2530041|1000533|585118|0
6912892|2797200|2530041|1000533|585118|0
6912892|2797200|2530041|1000533|585118|0
6912892|2797200|2530041|1000533|585118|0
6954284|2797200|2571433|1000533|585118|0
6995676|2797200|2612825|1000533|585118|0
6995676|2797200|2612825|1000533|585118|0
6995676|2797200|2612825|1000533|585118|0
6995676|2797200|2612825|1000533|585118|0
8361612|2797200|2612825|2366469|585118|0
8361612|2797200|2612825|2366469|585118|0
8403004|2797200|2654217|2366469|585118|0
8444396|2797200|2695609|2366469|585118|0
8444396|2797200|2695609|2366469|585118|0
8444396|2797200|2695609|2366469|585118|0
8444396|2797200|2695609|2366469|585118|0
8444396|2797200|2695609|2366469|585118|0
8444396|2797200|2695609|2366469|585118|0
8485788|2797200|2737001|2366469|585118|0
8527180|2797200|2778393|2366469|585118|0
8527180|2797200|2778393|2366469|585118|0
8527180|2797200|2778393|2366469|585118|0
8527180|2797200|2778393|2366469|585118|0
8527180|2797200|2778393|2366469|585118|0
8527180|2797200|2778393|2366469|585118|0
8568572|2797200|2819785|2366469|585118|0
8609964|2797200|2861177|2366469|585118|0
8609964|2797200|2861177|2366469|585118|0
8609964|2797200|2861177|2366469|585118|0
8609964|2797200|2861177|2366469|585118|0
8609964|2797200|2861177|2366469|585118|0
8609964|2797200|2861177|2366469|585118|0
8651356|2797200|2902569|2366469|585118|0
8692748|2797200|2943961|2366469|585118|0
8692748|2797200|2943961|2366469|585118|0
8692748|2797200|2943961|2366469|585118|0
8692748|2797200|2943961|2366469|585118|0
8692748|2797200|2943961|2366469|585118|0
8692748|2797200|2943961|2366469|585118|0
8734140|2797200|2985353|2366469|585118|0
8775532|2797200|3026745|2366469|585118|0
8775532|2797200|3026745|2366469|585118|0
8775532|2797200|3026745|2366469|585118|0
9230844|2797200|3026745|2821781|585118|0
9230844|2797200|3026745|2821781|585118|0
9230844|2797200|3026745|2821781|585118|0
9272236|2797200|3068137|2821781|585118|0
9313628|2797200|3109529|2821781|585118|0
9313628|2797200|3109529|2821781|585118|0
9313628|2797200|3109529|2821781|585118|0
9313628|2797200|3109529|2821781|585118|0
9313628|2797200|3109529|2821781|585118|0
9313628|2797200|3109529|2821781|585118|0
9355020|2797200|3150921|2821781|585118|0
9396412|2797200|3192313|2821781|585118|0
9396412|2797200|3192313|2821781|585118|0
9396412|2797200|3192313|2821781|585118|0
9396412|2797200|3192313|2821781|585118|0
9396412|2797200|3192313|2821781|585118|0
9396412|2797200|3192313|2821781|585118|0
9437804|2797200|3233705|2821781|585118|0
9479196|2797200|3275097|2821781|585118|0
9479196|2797200|3275097|2821781|585118|0
9479196|2797200|3275097|2821781|585118|0
9479196|2797200|3275097|2821781|585118|0
9479196|2797200|3275097|2821781|585118|0
9479196|2797200|3275097|2821781|585118|0
9520588|2797200|3316489|2821781|585118|0
9561980|2797200|3357881|2821781|585118|0
9561980|2797200|3357881|2821781|585118|0
9561980|2797200|3357881|2821781|585118|0
9561980|2797200|3357881|2821781|585118|0
9561980|2797200|3357881|2821781|585118|0
9561980|2797200|3357881|2821781|585118|0
9603372|2797200|3399273|2821781|585118|0
11001972|2797200|3399273|2821781|585118|1398600
11043364|2797200|3440665|2821781|585118|1398600
11043364|2797200|3440665|2821781|585118|1398600
11043364|2797200|3440665|2821781|585118|1398600
11043364|2797200|3440665|2821781|585118|1398600
11043364|2797200|3440665|2821781|585118|1398600
11084756|2797200|3482057|2821781|585118|1398600
11126148|2797200|3523449|2821781|585118|1398600
11126148|2797200|3523449|2821781|585118|1398600
11126148|2797200|3523449|2821781|585118|1398600
11126148|2797200|3523449|2821781|585118|1398600
11126148|2797200|3523449|2821781|585118|1398600
11126148|2797200|3523449|2821781|585118|1398600
11167540|2797200|3564841|2821781|585118|1398600
11208932|2797200|3606233|2821781|585118|1398600
11208932|2797200|3606233|2821781|585118|1398600
11208932|2797200|3606233|2821781|585118|1398600
11208932|2797200|3606233|2821781|585118|1398600
11208932|2797200|3606233|2821781|585118|1398600
11208932|2797200|3606233|2821781|585118|1398600
11250324|2797200|3647625|2821781|585118|1398600
11291716|2797200|3689017|2821781|585118|1398600
11291716|2797200|3689017|2821781|585118|1398600
11291716|2797200|3689017|2821781|585118|1398600
11291716|2797200|3689017|2821781|585118|1398600
11291716|2797200|3689017|2821781|585118|1398600
11291716|2797200|3689017|2821781|585118|1398600
11333108|2797200|3730409|2821781|585118|1398600
11374500|2797200|3771801|2821781|585118|1398600
11374500|2797200|3771801|2821781|585118|1398600
11374500|2797200|3771801|2821781|585118|1398600
11374500|2797200|3771801|2821781|585118|1398600
12572474|2797200|3771801|2821781|585118|2596574
12572474|2797200|3771801|2821781|585118|2596574
12613866|2797200|3813193|2821781|585118|2596574
12655258|2797200|3854585|2821781|585118|2596574
12655258|2797200|3854585|2821781|585118|2596574
12655258|2797200|3854585|2821781|585118|2596574
12655258|2797200|3854585|2821781|585118|2596574
12655258|2797200|3854585|2821781|585118|2596574
12655258|2797200|3854585|2821781|585118|2596574
12696650|2797200|3895977|2821781|585118|2596574
12738042|2797200|3937369|2821781|585118|2596574
12738042|2797200|3937369|2821781|585118|2596574
12738042|2797200|3937369|2821781|585118|2596574
12738042|2797200|3937369|2821781|585118|2596574
12738042|2797200|3937369|2821781|585118|2596574
12738042|2797200|3937369|2821781|585118|2596574
12779434|2797200|3978761|2821781|585118|2596574
12820826|2797200|4020153|2821781|585118|2596574
12820826|2797200|4020153|2821781|585118|2596574
12820826|2797200|4020153|2821781|585118|2596574
12820826|2797200|4020153|2821781|585118|2596574
12820826|2797200|4020153|2821781|585118|2596574
12820826|2797200|4020153|2821781|585118|2596574
12862218|2797200|4061545|2821781|585118|2596574
12903610|2797200|4102937|2821781|585118|2596574
12903610|2797200|4102937|2821781|585118|2596574
12903610|2797200|4102937|2821781|585118|2596574
12903610|2797200|4102937|2821781|585118|2596574
12903610|2797200|4102937|2821781|585118|2596574
12903610|2797200|4102937|2821781|585118|2596574
12945002|2797200|4144329|2821781|585118|2596574
12986394|2797200|4185721|2821781|585118|2596574
12986394|2797200|4185721|2821781|585118|2596574
12986394|2797200|4185721|2821781|585118|2596574
12986394|2797200|4185721|2821781|585118|2596574
12986394|2797200|4185721|2821781|585118|2596574
12986394|2797200|4185721|2821781|585118|2596574
13027786|2797200|4227113|2821781|585118|2596574
13069178|2797200|4268505|2821781|585118|2596574
13069178|2797200|4268505|2821781|585118|2596574
13069178|2797200|4268505|2821781|585118|2596574
13069178|2797200|4268505|2821781|585118|2596574
13069178|2797200|4268505|2821781|585118|2596574
13069178|2797200|4268505|2821781|585118|2596574
13110570|2797200|4309897|2821781|585118|2596574
13151962|2797200|4351289|2821781|585118|2596574
13151962|2797200|4351289|2821781|585118|2596574
13151962|2797200|4351289|2821781|585118|2596574
13151962|2797200|4351289|2821781|585118|2596574
13151962|2797200|4351289|2821781|585118|2596574
13151962|2797200|4351289|2821781|585118|2596574
13193354|2797200|4392681|2821781|585118|2596574
13234746|2797200|4434073|2821781|585118|2596574
13234746|2797200|4434073|2821781|585118|2596574
13234746|2797200|4434073|2821781|585118|2596574
13234746|2797200|4434073|2821781|585118|2596574
13234746|2797200|4434073|2821781|585118|2596574
13234746|2797200|4434073|2821781|585118|2596574
13276138|2797200|4475465|2821781|585118|2596574
13317530|2797200|4516857|2821781|585118|2596574
13317530|2797200|4516857|2821781|585118|2596574
13317530|2797200|4516857|2821781|585118|2596574
13317530|2797200|4516857|2821781|585118|2596574
13317530|2797200|4516857|2821781|585118|2596574
13317530|2797200|4516857|2821781|585118|2596574
13317530|2797200|4516857|2821781|585118|2596574
14716130|2797200|4516857|4220381|585118|2596574
14798914|2797200|4599641|4220381|585118|2596574
14798914|2797200|4599641|4220381|585118|2596574
14798914|2797200|4599641|4220381|585118|2596574
14798914|2797200|4599641|4220381|585118|2596574
14798914|2797200|4599641|4220381|585118|2596574
14840306|2797200|4641033|4220381|585118|2596574
14881698|2797200|4682425|4220381|585118|2596574
14881698|2797200|4682425|4220381|585118|2596574
14881698|2797200|4682425|4220381|585118|2596574
14881698|2797200|4682425|4220381|585118|2596574
14881698|2797200|4682425|4220381|585118|2596574
14881698|2797200|4682425|4220381|585118|2596574
14923090|2797200|4723817|4220381|585118|2596574
14964482|2797200|4765209|4220381|585118|2596574
14964482|2797200|4765209|4220381|585118|2596574
14964482|2797200|4765209|4220381|585118|2596574
14964482|2797200|4765209|4220381|585118|2596574
14964482|2797200|4765209|4220381|585118|2596574
14964482|2797200|4765209|4220381|585118|2596574
15005874|2797200|4806601|4220381|585118|2596574
15047266|2797200|4847993|4220381|585118|2596574
15047266|2797200|4847993|4220381|585118|2596574
15047266|2797200|4847993|4220381|585118|2596574
15047266|2797200|4847993|4220381|585118|2596574
15047266|2797200|4847993|4220381|585118|2596574
15047266|2797200|4847993|4220381|585118|2596574
15088658|2797200|4889385|4220381|585118|2596574
15130050|2797200|4930777|4220381|585118|2596574
15130050|2797200|4930777|4220381|585118|2596574
15130050|2797200|4930777|4220381|585118|2596574
15130050|2797200|4930777|4220381|585118|2596574
15130050|2797200|4930777|4220381|585118|2596574
15130050|2797200|4930777|4220381|585118|2596574
16008010|2797200|4930777|5098341|585118|2596574
16090794|2797200|5013561|5098341|585118|2596574
16090794|2797200|5013561|5098341|585118|2596574
16090794|2797200|5013561|5098341|585118|2596574
16090794|2797200|5013561|5098341|585118|2596574
16090794|2797200|5013561|5098341|585118|2596574
16090794|2797200|5013561|5098341|585118|2596574
16132186|2797200|5054953|5098341|585118|2596574
16173578|2797200|5096345|5098341|585118|2596574
16173578|2797200|5096345|5098341|585118|2596574
16173578|2797200|5096345|5098341|585118|2596574
16173578|2797200|5096345|5098341|585118|2596574
16173578|2797200|5096345|5098341|585118|2596574
16173578|2797200|5096345|5098341|585118|2596574
16214970|2797200|5137737|5098341|585118|2596574
16256362|2797200|5179129|5098341|585118|2596574
16256362|2797200|5179129|5098341|585118|2596574
16256362|2797200|5179129|5098341|585118|2596574
16256362|2797200|5179129|5098341|585118|2596574
16256362|2797200|5179129|5098341|585118|2596574
16256362|2797200|5179129|5098341|585118|2596574
16297754|2797200|5220521|5098341|585118|2596574
16339146|2797200|5261913|5098341|585118|2596574
16339146|2797200|5261913|5098341|585118|2596574
16339146|2797200|5261913|5098341|585118|2596574
16339146|2797200|5261913|5098341|585118|2596574
16339146|2797200|5261913|5098341|585118|2596574
16339146|2797200|5261913|5098341|585118|2596574
16380538|2797200|5303305|5098341|585118|2596574
16421930|2797200|5344697|5098341|585118|2596574
16421930|2797200|5344697|5098341|585118|2596574
16421930|2797200|5344697|5098341|585118|2596574
16421930|2797200|5344697|5098341|585118|2596574
16421930|2797200|5344697|5098341|585118|2596574
16421930|2797200|5344697|5098341|585118|2596574
16463322|2797200|5386089|5098341|585118|2596574
16504714|2797200|5427481|5098341|585118|2596574
16504714|2797200|5427481|5098341|585118|2596574
16504714|2797200|5427481|5098341|585118|2596574
16504714|2797200|5427481|5098341|585118|2596574
16504714|2797200|5427481|5098341|585118|2596574
16504714|2797200|5427481|5098341|585118|2596574
16546106|2797200|5468873|5098341|585118|2596574
16587498|2797200|5510265|5098341|585118|2596574
16587498|2797200|5510265|5098341|585118|2596574
16587498|2797200|5510265|5098341|585118|2596574
16587498|2797200|5510265|5098341|585118|2596574
16587498|2797200|5510265|5098341|585118|2596574
16587498|2797200|5510265|5098341|585118|2596574
16628890|2797200|5551657|5098341|585118|2596574
16670282|2797200|5593049|5098341|585118|2596574
16670282|2797200|5593049|5098341|585118|2596574
16670282|2797200|5593049|5098341|585118|2596574
16670282|2797200|5593049|5098341|585118|2596574
16670282|2797200|5593049|5098341|585118|2596574
16670282|2797200|5593049|5098341|585118|2596574
16711674|2797200|5634441|5098341|585118|2596574
16753066|2797200|5675833|5098341|585118|2596574
16753066|2797200|5675833|5098341|585118|2596574
16753066|2797200|5675833|5098341|585118|2596574
16753066|2797200|5675833|5098341|585118|2596574
16753066|2797200|5675833|5098341|585118|2596574
16753066|2797200|5675833|5098341|585118|2596574
16794458|2797200|5717225|5098341|585118|2596574
16794458|2797200|5717225|5098341|585118|2596574
16794458|2797200|5717225|5098341|585118|2596574
17705082|2797200|5717225|6008965|585118|2596574
17746474|2797200|5758617|6008965|585118|2596574
17746474|2797200|5758617|6008965|585118|2596574
17746474|2797200|5758617|6008965|585118|2596574
17787866|2797200|5800009|6008965|585118|2596574
17829258|2797200|5841401|6008965|585118|2596574
17829258|2797200|5841401|6008965|585118|2596574
17829258|2797200|5841401|6008965|585118|2596574
17829258|2797200|5841401|6008965|585118|2596574
17829258|2797200|5841401|6008965|585118|2596574
17829258|2797200|5841401|6008965|585118|2596574
17870650|2797200|5882793|6008965|585118|2596574
17912042|2797200|5924185|6008965|585118|2596574
17912042|2797200|5924185|6008965|585118|2596574
17912042|2797200|5924185|6008965|585118|2596574
17912042|2797200|5924185|6008965|585118|2596574
17912042|2797200|5924185|6008965|585118|2596574
17912042|2797200|5924185|6008965|585118|2596574
17953434|2797200|5965577|6008965|585118|2596574
17994826|2797200|6006969|6008965|585118|2596574
17994826|2797200|6006969|6008965|585118|2596574
17994826|2797200|6006969|6008965|585118|2596574
17994826|2797200|6006969|6008965|585118|2596574
17994826|2797200|6006969|6008965|585118|2596574
17994826|2797200|6006969|6008965|585118|2596574
18036218|2797200|6048361|6008965|585118|2596574
18077610|2797200|6089753|6008965|585118|2596574
18077610|2797200|6089753|6008965|585118|2596574
18077610|2797200|6089753|6008965|585118|2596574
18077610|2797200|6089753|6008965|585118|2596574
18077610|2797200|6089753|6008965|585118|2596574
18077610|2797200|6089753|6008965|585118|2596574
19476210|4195800|6089753|6008965|585118|2596574
19558994|4195800|6172537|6008965|585118|2596574
19558994|4195800|6172537|6008965|585118|2596574
19558994|4195800|6172537|6008965|585118|2596574
19558994|4195800|6172537|6008965|585118|2596574
19558994|4195800|6172537|6008965|585118|2596574
19558994|4195800|6172537|6008965|585118|2596574
19600386|4195800|6213929|6008965|585118|2596574
19641778|4195800|6255321|6008965|585118|2596574
19641778|4195800|6255321|6008965|585118|2596574
19641778|4195800|6255321|6008965|585118|2596574
19641778|4195800|6255321|6008965|585118|2596574
19641778|4195800|6255321|6008965|585118|2596574
19641778|4195800|6255321|6008965|585118|2596574
19683170|4195800|6296713|6008965|585118|2596574
19724562|4195800|6338105|6008965|585118|2596574
19724562|4195800|6338105|6008965|585118|2596574
19724562|4195800|6338105|6008965|585118|2596574
19724562|4195800|6338105|6008965|585118|2596574
19724562|4195800|6338105|6008965|585118|2596574
19724562|4195800|6338105|6008965|585118|2596574
19765954|4195800|6379497|6008965|585118|2596574
19807346|4195800|6420889|6008965|585118|2596574
19807346|4195800|6420889|6008965|585118|2596574
19807346|4195800|6420889|6008965|585118|2596574
19807346|4195800|6420889|6008965|585118|2596574
19807346|4195800|6420889|6008965|585118|2596574
19807346|4195800|6420889|6008965|585118|2596574
19848738|4195800|6462281|6008965|585118|2596574
19890130|4195800|6503673|6008965|585118|2596574
19890130|4195800|6503673|6008965|585118|2596574
19890130|4195800|6503673|6008965|585118|2596574
19890130|4195800|6503673|6008965|585118|2596574
19890130|4195800|6503673|6008965|585118|2596574
19890130|4195800|6503673|6008965|585118|2596574
19931522|4195800|6545065|6008965|585118|2596574
19972914|4195800|6586457|6008965|585118|2596574
19972914|4195800|6586457|6008965|585118|2596574
19972914|4195800|6586457|6008965|585118|2596574
19972914|4195800|6586457|6008965|585118|2596574
19972914|4195800|6586457|6008965|585118|2596574
19972914|4195800|6586457|6008965|585118|2596574
20014306|4195800|6627849|6008965|585118|2596574
20055698|4195800|6669241|6008965|585118|2596574
20055698|4195800|6669241|6008965|585118|2596574
20055698|4195800|6669241|6008965|585118|2596574
20055698|4195800|6669241|6008965|585118|2596574
20055698|4195800|6669241|6008965|585118|2596574
20055698|4195800|6669241|6008965|585118|2596574
20097090|4195800|6710633|6008965|585118|2596574
20138482|4195800|6752025|6008965|585118|2596574
20138482|4195800|6752025|6008965|585118|2596574
20138482|4195800|6752025|6008965|585118|2596574
20138482|4195800|6752025|6008965|585118|2596574
20138482|4195800|6752025|6008965|585118|2596574
20138482|4195800|6752025|6008965|585118|2596574
20179874|4195800|6793417|6008965|585118|2596574
20221266|4195800|6834809|6008965|585118|2596574
20221266|4195800|6834809|6008965|585118|2596574
20221266|4195800|6834809|6008965|585118|2596574
20221266|4195800|6834809|6008965|585118|2596574
20221266|4195800|6834809|6008965|585118|2596574
20221266|4195800|6834809|6008965|585118|2596574
20262658|4195800|6876201|6008965|585118|2596574
20262658|4195800|6876201|6008965|585118|2596574
20262658|4195800|6876201|6008965|585118|2596574
21628594|4195800|6876201|7374901|585118|2596574
21669986|4195800|6917593|7374901|585118|2596574
21669986|4195800|6917593|7374901|585118|2596574
21669986|4195800|6917593|7374901|585118|2596574
21711378|4195800|6958985|7374901|585118|2596574
21752770|4195800|7000377|7374901|585118|2596574
21752770|4195800|7000377|7374901|585118|2596574
21752770|4195800|7000377|7374901|585118|2596574
21752770|4195800|7000377|7374901|585118|2596574
21752770|4195800|7000377|7374901|585118|2596574
21752770|4195800|7000377|7374901|585118|2596574
21794162|4195800|7041769|7374901|585118|2596574
21835554|4195800|7083161|7374901|585118|2596574
21835554|4195800|7083161|7374901|585118|2596574
21835554|4195800|7083161|7374901|585118|2596574
21835554|4195800|7083161|7374901|585118|2596574
21835554|4195800|7083161|7374901|585118|2596574
21835554|4195800|7083161|7374901|585118|2596574
21876946|4195800|7124553|7374901|585118|2596574
21918338|4195800|7165945|7374901|585118|2596574
21918338|4195800|7165945|7374901|585118|2596574
21918338|4195800|7165945|7374901|585118|2596574
21918338|4195800|7165945|7374901|585118|2596574
21918338|4195800|7165945|7374901|585118|2596574
21918338|4195800|7165945|7374901|585118|2596574
21959730|4195800|7207337|7374901|585118|2596574
22001122|4195800|7248729|7374901|585118|2596574
22001122|4195800|7248729|7374901|585118|2596574
22001122|4195800|7248729|7374901|585118|2596574
22001122|4195800|7248729|7374901|585118|2596574
22001122|4195800|7248729|7374901|585118|2596574
22001122|4195800|7248729|7374901|585118|2596574
22001122|4195800|7248729|7374901|585118|2596574
22001122|4195800|7248729|7374901|585118|2596574
22456434|4195800|7248729|7830213|585118|2596574
22539218|4195800|7331513|7830213|585118|2596574
22539218|4195800|7331513|7830213|585118|2596574
22539218|4195800|7331513|7830213|585118|2596574
22539218|4195800|7331513|7830213|585118|2596574
22580610|4195800|7372905|7830213|585118|2596574
22622002|4195800|7414297|7830213|585118|2596574
22622002|4195800|7414297|7830213|585118|2596574
22622002|4195800|7414297|7830213|585118|2596574
22622002|4195800|7414297|7830213|585118|2596574
22622002|4195800|7414297|7830213|585118|2596574
22622002|4195800|7414297|7830213|585118|2596574
22663394|4195800|7455689|7830213|585118|2596574
22704786|4195800|7497081|7830213|585118|2596574
22704786|4195800|7497081|7830213|585118|2596574
22704786|4195800|7497081|7830213|585118|2596574
22704786|4195800|7497081|7830213|585118|2596574
22704786|4195800|7497081|7830213|585118|2596574
22704786|4195800|7497081|7830213|585118|2596574
22746178|4195800|7538473|7830213|585118|2596574
22787570|4195800|7579865|7830213|585118|2596574
22787570|4195800|7579865|7830213|585118|2596574
22787570|4195800|7579865|7830213|585118|2596574
22787570|4195800|7579865|7830213|585118|2596574
22787570|4195800|7579865|7830213|585118|2596574
22787570|4195800|7579865|7830213|585118|2596574
22828962|4195800|7621257|7830213|585118|2596574
22870354|4195800|7662649|7830213|585118|2596574
22870354|4195800|7662649|7830213|585118|2596574
22870354|4195800|7662649|7830213|585118|2596574
22870354|4195800|7662649|7830213|585118|2596574
22870354|4195800|7662649|7830213|585118|2596574
24268954|5594400|7662649|7830213|585118|2596574
24310346|5594400|7704041|7830213|585118|2596574
24351738|5594400|7745433|7830213|585118|2596574
24351738|5594400|7745433|7830213|585118|2596574
24351738|5594400|7745433|7830213|585118|2596574
24351738|5594400|7745433|7830213|585118|2596574
24351738|5594400|7745433|7830213|585118|2596574
24351738|5594400|7745433|7830213|585118|2596574
24393130|5594400|7786825|7830213|585118|2596574
24434522|5594400|7828217|7830213|585118|2596574
24434522|5594400|7828217|7830213|585118|2596574
24434522|5594400|7828217|7830213|585118|2596574
24434522|5594400|7828217|7830213|585118|2596574
24434522|5594400|7828217|7830213|585118|2596574
24434522|5594400|7828217|7830213|585118|2596574
24475914|5594400|7869609|7830213|585118|2596574
24517306|5594400|7911001|7830213|585118|2596574
24517306|5594400|7911001|7830213|585118|2596574
24517306|5594400|7911001|7830213|585118|2596574
24517306|5594400|7911001|7830213|585118|2596574
24517306|5594400|7911001|7830213|585118|2596574
24517306|5594400|7911001|7830213|585118|2596574
24558698|5594400|7952393|7830213|585118|2596574
24600090|5594400|7993785|7830213|585118|2596574
24600090|5594400|7993785|7830213|585118|2596574
24600090|5594400|7993785|7830213|585118|2596574
24600090|5594400|7993785|7830213|585118|2596574
24600090|5594400|7993785|7830213|585118|2596574
24600090|5594400|7993785|7830213|585118|2596574
24641482|5594400|8035177|7830213|585118|2596574
24682874|5594400|8076569|7830213|585118|2596574
24682874|5594400|8076569|7830213|585118|2596574
24682874|5594400|8076569|7830213|585118|2596574
24682874|5594400|8076569|7830213|585118|2596574
24682874|5594400|8076569|7830213|585118|2596574
24682874|5594400|8076569|7830213|585118|2596574
24724266|5594400|8117961|7830213|585118|2596574
24765658|5594400|8159353|7830213|585118|2596574
24765658|5594400|8159353|7830213|585118|2596574
24765658|5594400|8159353|7830213|585118|2596574
24765658|5594400|8159353|7830213|585118|2596574
24765658|5594400|8159353|7830213|585118|2596574
24765658|5594400|8159353|7830213|585118|2596574
24807050|5594400|8200745|7830213|585118|2596574
24848442|5594400|8242137|7830213|585118|2596574
24848442|5594400|8242137|7830213|585118|2596574
24848442|5594400|8242137|7830213|585118|2596574
24848442|5594400|8242137|7830213|585118|2596574
24848442|5594400|8242137|7830213|585118|2596574
24848442|5594400|8242137|7830213|585118|2596574
24889834|5594400|8283529|7830213|585118|2596574
24931226|5594400|8324921|7830213|585118|2596574
24931226|5594400|8324921|7830213|585118|2596574
24931226|5594400|8324921|7830213|585118|2596574
24931226|5594400|8324921|7830213|585118|2596574
24931226|5594400|8324921|7830213|585118|2596574
24931226|5594400|8324921|7830213|585118|2596574
24972618|5594400|8366313|7830213|585118|2596574
25014010|5594400|8407705|7830213|585118|2596574
25014010|5594400|8407705|7830213|585118|2596574
25014010|5594400|8407705|7830213|585118|2596574
25014010|5594400|8407705|7830213|585118|2596574
25014010|5594400|8407705|7830213|585118|2596574
25014010|5594400|8407705|7830213|585118|2596574
25014010|5594400|8407705|7830213|585118|2596574
25096794|5594400|8490489|7830213|585118|2596574
25096794|5594400|8490489|7830213|585118|2596574
25096794|5594400|8490489|7830213|585118|2596574
25096794|5594400|8490489|7830213|585118|2596574
25096794|5594400|8490489|7830213|585118|2596574
25096794|5594400|8490489|7830213|585118|2596574
25138186|5594400|8531881|7830213|585118|2596574
25179578|5594400|8573273|7830213|585118|2596574
25179578|5594400|8573273|7830213|585118|2596574
25179578|5594400|8573273|7830213|585118|2596574
25179578|5594400|8573273|7830213|585118|2596574
25179578|5594400|8573273|7830213|585118|2596574
25179578|5594400|8573273|7830213|585118|2596574
25220970|5594400|8614665|7830213|585118|2596574
25262362|5594400|8656057|7830213|585118|2596574
25262362|5594400|8656057|7830213|585118|2596574
25262362|5594400|8656057|7830213|585118|2596574
25262362|5594400|8656057|7830213|585118|2596574
25262362|5594400|8656057|7830213|585118|2596574
25262362|5594400|8656057|7830213|585118|2596574
25303754|5594400|8697449|7830213|585118|2596574
25345146|5594400|8738841|7830213|585118|2596574
25345146|5594400|8738841|7830213|585118|2596574
25345146|5594400|8738841|7830213|585118|2596574
25345146|5594400|8738841|7830213|585118|2596574
25345146|5594400|8738841|7830213|585118|2596574
25345146|5594400|8738841|7830213|585118|2596574
25386538|5594400|8780233|7830213|585118|2596574
25427930|5594400|8821625|7830213|585118|2596574
25427930|5594400|8821625|7830213|585118|2596574
25427930|5594400|8821625|7830213|585118|2596574
25427930|5594400|8821625|7830213|585118|2596574
25427930|5594400|8821625|7830213|585118|2596574
25427930|5594400|8821625|7830213|585118|2596574
25469322|5594400|8863017|7830213|585118|2596574
25510714|5594400|8904409|7830213|585118|2596574
25510714|5594400|8904409|7830213|585118|2596574
25510714|5594400|8904409|7830213|585118|2596574
25510714|5594400|8904409|7830213|585118|2596574
25510714|5594400|8904409|7830213|585118|2596574
25510714|5594400|8904409|7830213|585118|2596574
25552106|5594400|8945801|7830213|585118|2596574
25593498|5594400|8987193|7830213|585118|2596574
25593498|5594400|8987193|7830213|585118|2596574
25593498|5594400|8987193|7830213|585118|2596574
25593498|5594400|8987193|7830213|585118|2596574
25593498|5594400|8987193|7830213|585118|2596574
25593498|5594400|8987193|7830213|585118|2596574
25634890|5594400|9028585|7830213|585118|2596574
25676282|5594400|9069977|7830213|585118|2596574
25676282|5594400|9069977|7830213|585118|2596574
25676282|5594400|9069977|7830213|585118|2596574
25676282|5594400|9069977|7830213|585118|2596574
25676282|5594400|9069977|7830213|585118|2596574
25676282|5594400|9069977|7830213|585118|2596574
25717674|5594400|9111369|7830213|585118|2596574
25759066|5594400|9152761|7830213|585118|2596574
25759066|5594400|9152761|7830213|585118|2596574
25759066|5594400|9152761|7830213|585118|2596574
25759066|5594400|9152761|7830213|585118|2596574
25759066|5594400|9152761|7830213|585118|2596574
25759066|5594400|9152761|7830213|585118|2596574
25800458|5594400|9194153|7830213|585118|2596574
25800458|5594400|9194153|7830213|585118|2596574
