1398600|0|0|1398600|0|0
1437606|0|0|1437606|0|0
1456806|0|0|1456806|0|0
1498198|0|0|1498198|0|0
1536598|0|0|1536598|0|0
2574817|0|0|1536598|0|1038219
2616209|0|0|1536598|0|1079611
2616209|0|0|1536598|0|1079611
2657601|0|0|1536598|0|1121003
2657601|0|0|1536598|0|1121003
2698993|0|0|1536598|0|1162395
2740385|0|0|1536598|0|1203787
2781777|0|0|1536598|0|1245179
4180377|0|0|2935198|0|1245179
4221769|0|0|2976590|0|1245179
4263161|0|0|3017982|0|1245179
4304553|0|0|3059374|0|1245179
4345945|0|0|3100766|0|1245179
4387337|0|0|3142158|0|1245179
5675131|0|0|4429952|0|1245179
7073731|0|0|4429952|1398600|1245179
7156515|0|0|4512736|1398600|1245179
7239299|0|0|4595520|1398600|1245179
7280691|0|0|4636912|1398600|1245179
7322083|0|0|4678304|1398600|1245179
7363475|0|0|4719696|1398600|1245179
7404867|0|0|4761088|1398600|1245179
7446259|0|0|4802480|1398600|1245179
8844859|0|1398600|4802480|1398600|1245179
9258779|0|1398600|5216400|1398600|1245179
9300171|0|1398600|5257792|1398600|1245179
9341563|0|1398600|5299184|1398600|1245179
9382955|0|1398600|5340576|1398600|1245179
9424347|0|1398600|5381968|1398600|1245179
9465739|0|1398600|5423360|1398600|1245179
9796875|0|1398600|5754496|1398600|1245179
11195475|0|1398600|5754496|2797200|1245179
11319651|0|1398600|5878672|2797200|1245179
11361043|0|1398600|5920064|2797200|1245179
11402435|0|1398600|5961456|2797200|1245179
11443827|0|1398600|6002848|2797200|1245179
11485219|0|1398600|6044240|2797200|1245179
11526611|0|1398600|6085632|2797200|1245179
11899139|0|1398600|6458160|2797200|1245179
13297739|0|1398600|6458160|4195800|1245179
13380523|0|1398600|6540944|4195800|1245179
13421915|0|1398600|6582336|4195800|1245179
13463307|0|1398600|6623728|4195800|1245179
13504699|0|1398600|6665120|4195800|1245179
13546091|0|1398600|6706512|4195800|1245179
13587483|0|1398600|6747904|4195800|1245179
13918619|0|1398600|7079040|4195800|1245179
15317219|1398600|1398600|7079040|4195800|1245179
15482787|1398600|1398600|7244608|4195800|1245179
15524179|1398600|1398600|7286000|4195800|1245179
15565571|1398600|1398600|7327392|4195800|1245179
15606963|1398600|1398600|7368784|4195800|1245179
15648355|1398600|1398600|7410176|4195800|1245179
15689747|1398600|1398600|7451568|4195800|1245179
16020883|1398600|1398600|7782704|4195800|1245179
17419483|1398600|1398600|7782704|4195800|2643779
17460875|1398600|1398600|7782704|4195800|2685171
17460875|1398600|1398600|7782704|4195800|2685171
17502267|1398600|1398600|7782704|4195800|2726563
17502267|1398600|1398600|7782704|4195800|2726563
17543659|1398600|1398600|7782704|4195800|2767955
17585051|1398600|1398600|7782704|4195800|2809347
17626443|1398600|1398600|7782704|4195800|2850739
19025043|1398600|1398600|7782704|4195800|4249339
19604531|1398600|1398600|8362192|4195800|4249339
19645923|1398600|1398600|8403584|4195800|4249339
19687315|1398600|1398600|8444976|4195800|4249339
19728707|1398600|1398600|8486368|4195800|4249339
19770099|1398600|1398600|8527760|4195800|4249339
19811491|1398600|1398600|8569152|4195800|4249339
20142627|1398600|1398600|8900288|4195800|4249339
21541227|1398600|1398600|8900288|5594400|4249339
21665403|1398600|1398600|9024464|5594400|4249339
21748187|1398600|1398600|9107248|5594400|4249339
21789579|1398600|1398600|9148640|5594400|4249339
21830971|1398600|1398600|9190032|5594400|4249339
21872363|1398600|1398600|9231424|5594400|4249339
21913755|1398600|1398600|9272816|5594400|4249339
21955147|1398600|1398600|9314208|5594400|4249339
23090187|1398600|1398600|9314208|5594400|5384379
23131579|1398600|1398600|9314208|5594400|5425771
23214363|1398600|1398600|9314208|5594400|5508555
23255755|1398600|1398600|9314208|5594400|5549947
23255755|1398600|1398600|9314208|5594400|5549947
23297147|1398600|1398600|9314208|5594400|5591339
23297147|1398600|1398600|9314208|5594400|5591339
23338539|1398600|1398600|9314208|5594400|5632731
23379931|1398600|1398600|9314208|5594400|5674123
23421323|1398600|1398600|9314208|5594400|5715515
23793851|1398600|1398600|9314208|5594400|6088043
24745867|1398600|1398600|10266224|5594400|6088043
24787259|1398600|1398600|10307616|5594400|6088043
24828651|1398600|1398600|10349008|5594400|6088043
24870043|1398600|1398600|10390400|5594400|6088043
24911435|1398600|1398600|10431792|5594400|6088043
24952827|1398600|1398600|10473184|5594400|6088043
25283963|1398600|1398600|10804320|5594400|6088043
26682563|2797200|1398600|10804320|5594400|6088043
26848131|2797200|1398600|10969888|5594400|6088043
26889523|2797200|1398600|11011280|5594400|6088043
26930915|2797200|1398600|11052672|5594400|6088043
26972307|2797200|1398600|11094064|5594400|6088043
27013699|2797200|1398600|11135456|5594400|6088043
27055091|2797200|1398600|11176848|5594400|6088043
27386227|2797200|1398600|11507984|5594400|6088043
28172675|2797200|1398600|11507984|5594400|6874491
28214067|2797200|1398600|11507984|5594400|6915883
28214067|2797200|1398600|11507984|5594400|6915883
28255459|2797200|1398600|11507984|5594400|6957275
28255459|2797200|1398600|11507984|5594400|6957275
28296851|2797200|1398600|11507984|5594400|6998667
28338243|2797200|1398600|11507984|5594400|7040059
28379635|2797200|1398600|11507984|5594400|7081451
28793555|2797200|1398600|11507984|5594400|7495371
28834947|2797200|1398600|11507984|5594400|7536763
29455827|2797200|1398600|12128864|5594400|7536763
29497219|2797200|1398600|12170256|5594400|7536763
29538611|2797200|1398600|12211648|5594400|7536763
29580003|2797200|1398600|12253040|5594400|7536763
29621395|2797200|1398600|12294432|5594400|7536763
29662787|2797200|1398600|12335824|5594400|7536763
31061387|2797200|2797200|12335824|5594400|7536763
32459987|2797200|4195800|12335824|5594400|7536763
33858587|2797200|5594400|12335824|5594400|7536763
34396683|2797200|5594400|12873920|5594400|7536763
34438075|2797200|5594400|12915312|5594400|7536763
34479467|2797200|5594400|12956704|5594400|7536763
34520859|2797200|5594400|12998096|5594400|7536763
34562251|2797200|5594400|13039488|5594400|7536763
34603643|2797200|5594400|13080880|5594400|7536763
34934779|2797200|5594400|13412016|5594400|7536763
36333379|2797200|6993000|13412016|5594400|7536763
36457555|2797200|6993000|13536192|5594400|7536763
36498947|2797200|6993000|13577584|5594400|7536763
36540339|2797200|6993000|13618976|5594400|7536763
36581731|2797200|6993000|13660368|5594400|7536763
36623123|2797200|6993000|13701760|5594400|7536763
36664515|2797200|6993000|13743152|5594400|7536763
37037043|2797200|6993000|14115680|5594400|7536763
38435643|4195800|6993000|14115680|5594400|7536763
38518427|4195800|6993000|14198464|5594400|7536763
38559819|4195800|6993000|14239856|5594400|7536763
38601211|4195800|6993000|14281248|5594400|7536763
38642603|4195800|6993000|14322640|5594400|7536763
38683995|4195800|6993000|14364032|5594400|7536763
38725387|4195800|6993000|14405424|5594400|7536763
39056523|4195800|6993000|14736560|5594400|7536763
40455123|4195800|6993000|14736560|6993000|7536763
40620691|4195800|6993000|14902128|6993000|7536763
40662083|4195800|6993000|14943520|6993000|7536763
40703475|4195800|6993000|14984912|6993000|7536763
40744867|4195800|6993000|15026304|6993000|7536763
40786259|4195800|6993000|15067696|6993000|7536763
40827651|4195800|6993000|15109088|6993000|7536763
41158787|4195800|6993000|15440224|6993000|7536763
42557387|4195800|8391600|15440224|6993000|7536763
42640171|4195800|8391600|15523008|6993000|7536763
42722955|4195800|8391600|15605792|6993000|7536763
42764347|4195800|8391600|15647184|6993000|7536763
42805739|4195800|8391600|15688576|6993000|7536763
42847131|4195800|8391600|15729968|6993000|7536763
42888523|4195800|8391600|15771360|6993000|7536763
42929915|4195800|8391600|15812752|6993000|7536763
44328515|4195800|9790200|15812752|6993000|7536763
44742435|4195800|9790200|16226672|6993000|7536763
44783827|4195800|9790200|16268064|6993000|7536763
44825219|4195800|9790200|16309456|6993000|7536763
44866611|4195800|9790200|16350848|6993000|7536763
44908003|4195800|9790200|16392240|6993000|7536763
44949395|4195800|9790200|16433632|6993000|7536763
45280531|4195800|9790200|16764768|6993000|7536763
46679131|4195800|9790200|16764768|6993000|8935363
46720523|4195800|9790200|16764768|6993000|8976755
46720523|4195800|9790200|16764768|6993000|8976755
46761915|4195800|9790200|16764768|6993000|9018147
46761915|4195800|9790200|16764768|6993000|9018147
46803307|4195800|9790200|16764768|6993000|9059539
46844699|4195800|9790200|16764768|6993000|9100931
46886091|4195800|9790200|16764768|6993000|9142323
48284691|4195800|9790200|16764768|6993000|10540923
48864179|4195800|9790200|17344256|6993000|10540923
48905571|4195800|9790200|17385648|6993000|10540923
48946963|4195800|9790200|17427040|6993000|10540923
48988355|4195800|9790200|17468432|6993000|10540923
49029747|4195800|9790200|17509824|6993000|10540923
49071139|4195800|9790200|17551216|6993000|10540923
49402275|4195800|9790200|17882352|6993000|10540923
50247571|4195800|9790200|17882352|6993000|11386219
50288963|4195800|9790200|17882352|6993000|11427611
50288963|4195800|9790200|17882352|6993000|11427611
50330355|4195800|9790200|17882352|6993000|11469003
50330355|4195800|9790200|17882352|6993000|11469003
50371747|4195800|9790200|17882352|6993000|11510395
50413139|4195800|9790200|17882352|6993000|11551787
50454531|4195800|9790200|17882352|6993000|11593179
50827059|4195800|9790200|17882352|6993000|11965707
50909843|4195800|9790200|17882352|6993000|12048491
51572115|4195800|9790200|18544624|6993000|12048491
51613507|4195800|9790200|18586016|6993000|12048491
51654899|4195800|9790200|18627408|6993000|12048491
51696291|4195800|9790200|18668800|6993000|12048491
51737683|4195800|9790200|18710192|6993000|12048491
51779075|4195800|9790200|18751584|6993000|12048491
52151603|4195800|9790200|19124112|6993000|12048491
53550203|4195800|9790200|19124112|8391600|12048491
53632987|4195800|9790200|19206896|8391600|12048491
53674379|4195800|9790200|19248288|8391600|12048491
53715771|4195800|9790200|19289680|8391600|12048491
53757163|4195800|9790200|19331072|8391600|12048491
53798555|4195800|9790200|19372464|8391600|12048491
53839947|4195800|9790200|19413856|8391600|12048491
54171083|4195800|9790200|19744992|8391600|12048491
55569683|4195800|9790200|19744992|9790200|12048491
55735251|4195800|9790200|19910560|9790200|12048491
55776643|4195800|9790200|19951952|9790200|12048491
55818035|4195800|9790200|19993344|9790200|12048491
55859427|4195800|9790200|20034736|9790200|12048491
55900819|4195800|9790200|20076128|9790200|12048491
55942211|4195800|9790200|20117520|9790200|12048491
56273347|4195800|9790200|20448656|9790200|12048491
57432323|4195800|9790200|20448656|9790200|13207467
57473715|4195800|9790200|20448656|9790200|13248859
57473715|4195800|9790200|20448656|9790200|13248859
57515107|4195800|9790200|20448656|9790200|13290251
57515107|4195800|9790200|20448656|9790200|13290251
57556499|4195800|9790200|20448656|9790200|13331643
57597891|4195800|9790200|20448656|9790200|13373035
57639283|4195800|9790200|20448656|9790200|13414427
58053203|4195800|9790200|20448656|9790200|13828347
58632691|4195800|9790200|21028144|9790200|13828347
58674083|4195800|9790200|21069536|9790200|13828347
58715475|4195800|9790200|21110928|9790200|13828347
58756867|4195800|9790200|21152320|9790200|13828347
58798259|4195800|9790200|21193712|9790200|13828347
58839651|4195800|9790200|21235104|9790200|13828347
59170787|4195800|9790200|21566240|9790200|13828347
60569387|4195800|9790200|21566240|11188800|13828347
60693563|4195800|9790200|21690416|11188800|13828347
60776347|4195800|9790200|21773200|11188800|13828347
60817739|4195800|9790200|21814592|11188800|13828347
60859131|4195800|9790200|21855984|11188800|13828347
60900523|4195800|9790200|21897376|11188800|13828347
60941915|4195800|9790200|21938768|11188800|13828347
60983307|4195800|9790200|21980160|11188800|13828347
62381907|4195800|9790200|21980160|12587400|13828347
63780507|4195800|9790200|21980160|13986000|13828347
65179107|4195800|9790200|21980160|15384600|13828347
66577707|4195800|9790200|21980160|16783200|13828347
67157195|4195800|9790200|22559648|16783200|13828347
67157195|4195800|9790200|22559648|16783200|13828347
67198587|4195800|9790200|22601040|16783200|13828347
67239979|4195800|9790200|22642432|16783200|13828347
67281371|4195800|9790200|22683824|16783200|13828347
67322763|4195800|9790200|22725216|16783200|13828347
67364155|4195800|9790200|22766608|16783200|13828347
67736683|4195800|9790200|23139136|16783200|13828347
69135283|4195800|11188800|23139136|16783200|13828347
69259459|4195800|11188800|23263312|16783200|13828347
69342243|4195800|11188800|23346096|16783200|13828347
69383635|4195800|11188800|23387488|16783200|13828347
69425027|4195800|11188800|23428880|16783200|13828347
69466419|4195800|11188800|23470272|16783200|13828347
69507811|4195800|11188800|23511664|16783200|13828347
69549203|4195800|11188800|23553056|16783200|13828347
70947803|4195800|12587400|23553056|16783200|13828347
72346403|4195800|13986000|23553056|16783200|13828347
73745003|4195800|15384600|23553056|16783200|13828347
74241707|4195800|15384600|24049760|16783200|13828347
74283099|4195800|15384600|24091152|16783200|13828347
74324491|4195800|15384600|24132544|16783200|13828347
74365883|4195800|15384600|24173936|16783200|13828347
74407275|4195800|15384600|24215328|16783200|13828347
74448667|4195800|15384600|24256720|16783200|13828347
74821195|4195800|15384600|24629248|16783200|13828347
76219795|4195800|15384600|24629248|18181800|13828347
76302579|4195800|15384600|24712032|18181800|13828347
76343971|4195800|15384600|24753424|18181800|13828347
76385363|4195800|15384600|24794816|18181800|13828347
76426755|4195800|15384600|24836208|18181800|13828347
76468147|4195800|15384600|24877600|18181800|13828347
76509539|4195800|15384600|24918992|18181800|13828347
76840675|4195800|15384600|25250128|18181800|13828347
78239275|4195800|15384600|25250128|18181800|15226947
78280667|4195800|15384600|25250128|18181800|15268339
78280667|4195800|15384600|25250128|18181800|15268339
78322059|4195800|15384600|25250128|18181800|15309731
78322059|4195800|15384600|25250128|18181800|15309731
78363451|4195800|15384600|25250128|18181800|15351123
78404843|4195800|15384600|25250128|18181800|15392515
78446235|4195800|15384600|25250128|18181800|15433907
79844835|4195800|15384600|25250128|18181800|16832507
80424323|4195800|15384600|25829616|18181800|16832507
80465715|4195800|15384600|25871008|18181800|16832507
80507107|4195800|15384600|25912400|18181800|16832507
80548499|4195800|15384600|25953792|18181800|16832507
80589891|4195800|15384600|25995184|18181800|16832507
80631283|4195800|15384600|26036576|18181800|16832507
81003811|4195800|15384600|26409104|18181800|16832507
82402411|4195800|16783200|26409104|18181800|16832507
82526587|4195800|16783200|26533280|18181800|16832507
82567979|4195800|16783200|26574672|18181800|16832507
82609371|4195800|16783200|26616064|18181800|16832507
82650763|4195800|16783200|26657456|18181800|16832507
82692155|4195800|16783200|26698848|18181800|16832507
82733547|4195800|16783200|26740240|18181800|16832507
82774939|4195800|16783200|26781632|18181800|16832507
84173539|4195800|18181800|26781632|18181800|16832507
85572139|4195800|19580400|26781632|18181800|16832507
86970739|4195800|20979000|26781632|18181800|16832507
87508835|4195800|20979000|27319728|18181800|16832507
87550227|4195800|20979000|27361120|18181800|16832507
87591619|4195800|20979000|27402512|18181800|16832507
87633011|4195800|20979000|27443904|18181800|16832507
87674403|4195800|20979000|27485296|18181800|16832507
87715795|4195800|20979000|27526688|18181800|16832507
88046931|4195800|20979000|27857824|18181800|16832507
89445531|4195800|20979000|27857824|18181800|18231107
89486923|4195800|20979000|27857824|18181800|18272499
89486923|4195800|20979000|27857824|18181800|18272499
89528315|4195800|20979000|27857824|18181800|18313891
89528315|4195800|20979000|27857824|18181800|18313891
89569707|4195800|20979000|27857824|18181800|18355283
89611099|4195800|20979000|27857824|18181800|18396675
89652491|4195800|20979000|27857824|18181800|18438067
90216771|4195800|20979000|27857824|18181800|19002347
90796259|4195800|20979000|28437312|18181800|19002347
90837651|4195800|20979000|28478704|18181800|19002347
90879043|4195800|20979000|28520096|18181800|19002347
90920435|4195800|20979000|28561488|18181800|19002347
90961827|4195800|20979000|28602880|18181800|19002347
91003219|4195800|20979000|28644272|18181800|19002347
91334355|4195800|20979000|28975408|18181800|19002347
91748275|4195800|20979000|28975408|18181800|19416267
91789667|4195800|20979000|28975408|18181800|19457659
91789667|4195800|20979000|28975408|18181800|19457659
91831059|4195800|20979000|28975408|18181800|19499051
91831059|4195800|20979000|28975408|18181800|19499051
91872451|4195800|20979000|28975408|18181800|19540443
91913843|4195800|20979000|28975408|18181800|19581835
91955235|4195800|20979000|28975408|18181800|19623227
92327763|4195800|20979000|28975408|18181800|19995755
92410547|4195800|20979000|28975408|18181800|20078539
93072819|4195800|20979000|29637680|18181800|20078539
93114211|4195800|20979000|29679072|18181800|20078539
93155603|4195800|20979000|29720464|18181800|20078539
93196995|4195800|20979000|29761856|18181800|20078539
93238387|4195800|20979000|29803248|18181800|20078539
93279779|4195800|20979000|29844640|18181800|20078539
94678379|4195800|20979000|29844640|19580400|20078539
96076979|4195800|20979000|29844640|20979000|20078539
97475579|4195800|20979000|29844640|22377600|20078539
98874179|4195800|20979000|29844640|23776200|20078539
99453667|4195800|20979000|30424128|23776200|20078539
99453667|4195800|20979000|30424128|23776200|20078539
99495059|4195800|20979000|30465520|23776200|20078539
99536451|4195800|20979000|30506912|23776200|20078539
99577843|4195800|20979000|30548304|23776200|20078539
99619235|4195800|20979000|30589696|23776200|20078539
99660627|4195800|20979000|30631088|23776200|20078539
100074547|4195800|20979000|31045008|23776200|20078539
101473147|5594400|20979000|31045008|23776200|20078539
101555931|5594400|20979000|31127792|23776200|20078539
101597323|5594400|20979000|31169184|23776200|20078539
101638715|5594400|20979000|31210576|23776200|20078539
101680107|5594400|20979000|31251968|23776200|20078539
101721499|5594400|20979000|31293360|23776200|20078539
101762891|5594400|20979000|31334752|23776200|20078539
102135419|5594400|20979000|31707280|23776200|20078539
103534019|6993000|20979000|31707280|23776200|20078539
103658195|6993000|20979000|31831456|23776200|20078539
103699587|6993000|20979000|31872848|23776200|20078539
103740979|6993000|20979000|31914240|23776200|20078539
103782371|6993000|20979000|31955632|23776200|20078539
103823763|6993000|20979000|31997024|23776200|20078539
103865155|6993000|20979000|32038416|23776200|20078539
104196291|6993000|20979000|32369552|23776200|20078539
105594891|6993000|22377600|32369552|23776200|20078539
105719067|6993000|22377600|32493728|23776200|20078539
105760459|6993000|22377600|32535120|23776200|20078539
105801851|6993000|22377600|32576512|23776200|20078539
105843243|6993000|22377600|32617904|23776200|20078539
105884635|6993000|22377600|32659296|23776200|20078539
105926027|6993000|22377600|32700688|23776200|20078539
106298555|6993000|22377600|33073216|23776200|20078539
107697155|8391600|22377600|33073216|23776200|20078539
107779939|8391600|22377600|33156000|23776200|20078539
107821331|8391600|22377600|33197392|23776200|20078539
107862723|8391600|22377600|33238784|23776200|20078539
107904115|8391600|22377600|33280176|23776200|20078539
107945507|8391600|22377600|33321568|23776200|20078539
107986899|8391600|22377600|33362960|23776200|20078539
108318035|8391600|22377600|33694096|23776200|20078539
109716635|8391600|23776200|33694096|23776200|20078539
109882203|8391600|23776200|33859664|23776200|20078539
109923595|8391600|23776200|33901056|23776200|20078539
109964987|8391600|23776200|33942448|23776200|20078539
110006379|8391600|23776200|33983840|23776200|20078539
110047771|8391600|23776200|34025232|23776200|20078539
110089163|8391600|23776200|34066624|23776200|20078539
110420299|8391600|23776200|34397760|23776200|20078539
111818899|8391600|25174800|34397760|23776200|20078539
111901683|8391600|25174800|34480544|23776200|20078539
111984467|8391600|25174800|34563328|23776200|20078539
112025859|8391600|25174800|34604720|23776200|20078539
112067251|8391600|25174800|34646112|23776200|20078539
112108643|8391600|25174800|34687504|23776200|20078539
112150035|8391600|25174800|34728896|23776200|20078539
112191427|8391600|25174800|34770288|23776200|20078539
113590027|8391600|25174800|34770288|25174800|20078539
114003947|8391600|25174800|35184208|25174800|20078539
114045339|8391600|25174800|35225600|25174800|20078539
114086731|8391600|25174800|35266992|25174800|20078539
114128123|8391600|25174800|35308384|25174800|20078539
114169515|8391600|25174800|35349776|25174800|20078539
114210907|8391600|25174800|35391168|25174800|20078539
114542043|8391600|25174800|35722304|25174800|20078539
115940643|9790200|25174800|35722304|25174800|20078539
116064819|9790200|25174800|35846480|25174800|20078539
116106211|9790200|25174800|35887872|25174800|20078539
116147603|9790200|25174800|35929264|25174800|20078539
116188995|9790200|25174800|35970656|25174800|20078539
116230387|9790200|25174800|36012048|25174800|20078539
116271779|9790200|25174800|36053440|25174800|20078539
116644307|9790200|25174800|36425968|25174800|20078539
118042907|9790200|25174800|36425968|25174800|21477139
118084299|9790200|25174800|36425968|25174800|21518531
118084299|9790200|25174800|36425968|25174800|21518531
118125691|9790200|25174800|36425968|25174800|21559923
118125691|9790200|25174800|36425968|25174800|21559923
118167083|9790200|25174800|36425968|25174800|21601315
118208475|9790200|25174800|36425968|25174800|21642707
118249867|9790200|25174800|36425968|25174800|21684099
119648467|9790200|25174800|36425968|25174800|23082699
120227955|9790200|25174800|37005456|25174800|23082699
120269347|9790200|25174800|37046848|25174800|23082699
120310739|9790200|25174800|37088240|25174800|23082699
120352131|9790200|25174800|37129632|25174800|23082699
120393523|9790200|25174800|37171024|25174800|23082699
120434915|9790200|25174800|37212416|25174800|23082699
120766051|9790200|25174800|37543552|25174800|23082699
122164651|9790200|26573400|37543552|25174800|23082699
122247435|9790200|26573400|37626336|25174800|23082699
122330219|9790200|26573400|37709120|25174800|23082699
122371611|9790200|26573400|37750512|25174800|23082699
122413003|9790200|26573400|37791904|25174800|23082699
122454395|9790200|26573400|37833296|25174800|23082699
122495787|9790200|26573400|37874688|25174800|23082699
122537179|9790200|26573400|37916080|25174800|23082699
123935779|9790200|27972000|37916080|25174800|23082699
125334379|9790200|29370600|37916080|25174800|23082699
126732979|9790200|30769200|37916080|25174800|23082699
127229683|9790200|30769200|38412784|25174800|23082699
127271075|9790200|30769200|38454176|25174800|23082699
127312467|9790200|30769200|38495568|25174800|23082699
127353859|9790200|30769200|38536960|25174800|23082699
127395251|9790200|30769200|38578352|25174800|23082699
127436643|9790200|30769200|38619744|25174800|23082699
127809171|9790200|30769200|38992272|25174800|23082699
129207771|9790200|30769200|38992272|26573400|23082699
129331947|9790200|30769200|39116448|26573400|23082699
129373339|9790200|30769200|39157840|26573400|23082699
129414731|9790200|30769200|39199232|26573400|23082699
129456123|9790200|30769200|39240624|26573400|23082699
129497515|9790200|30769200|39282016|26573400|23082699
129538907|9790200|30769200|39323408|26573400|23082699
129870043|9790200|30769200|39654544|26573400|23082699
131268643|11188800|30769200|39654544|26573400|23082699
131392819|11188800|30769200|39778720|26573400|23082699
131434211|11188800|30769200|39820112|26573400|23082699
131475603|11188800|30769200|39861504|26573400|23082699
131516995|11188800|30769200|39902896|26573400|23082699
131558387|11188800|30769200|39944288|26573400|23082699
131599779|11188800|30769200|39985680|26573400|23082699
131972307|11188800|30769200|40358208|26573400|23082699
133370907|11188800|32167800|40358208|26573400|23082699
133453691|11188800|32167800|40440992|26573400|23082699
133495083|11188800|32167800|40482384|26573400|23082699
133536475|11188800|32167800|40523776|26573400|23082699
133577867|11188800|32167800|40565168|26573400|23082699
133619259|11188800|32167800|40606560|26573400|23082699
133660651|11188800|32167800|40647952|26573400|23082699
133702043|11188800|32167800|40689344|26573400|23082699
135100643|11188800|32167800|40689344|27972000|23082699
135555955|11188800|32167800|41144656|27972000|23082699
135597347|11188800|32167800|41186048|27972000|23082699
135638739|11188800|32167800|41227440|27972000|23082699
135680131|11188800|32167800|41268832|27972000|23082699
135721523|11188800|32167800|41310224|27972000|23082699
135762915|11188800|32167800|41351616|27972000|23082699
136094051|11188800|32167800|41682752|27972000|23082699
137492651|11188800|33566400|41682752|27972000|23082699
137575435|11188800|33566400|41765536|27972000|23082699
137616827|11188800|33566400|41806928|27972000|23082699
137658219|11188800|33566400|41848320|27972000|23082699
137699611|11188800|33566400|41889712|27972000|23082699
137741003|11188800|33566400|41931104|27972000|23082699
137782395|11188800|33566400|41972496|27972000|23082699
138154923|11188800|33566400|42345024|27972000|23082699
139553523|12587400|33566400|42345024|27972000|23082699
139677699|12587400|33566400|42469200|27972000|23082699
139719091|12587400|33566400|42510592|27972000|23082699
139760483|12587400|33566400|42551984|27972000|23082699
139801875|12587400|33566400|42593376|27972000|23082699
139843267|12587400|33566400|42634768|27972000|23082699
139884659|12587400|33566400|42676160|27972000|23082699
140215795|12587400|33566400|43007296|27972000|23082699
141614395|12587400|34965000|43007296|27972000|23082699
141738571|12587400|34965000|43131472|27972000|23082699
141779963|12587400|34965000|43172864|27972000|23082699
141821355|12587400|34965000|43214256|27972000|23082699
141862747|12587400|34965000|43255648|27972000|23082699
141904139|12587400|34965000|43297040|27972000|23082699
141945531|12587400|34965000|43338432|27972000|23082699
142318059|12587400|34965000|43710960|27972000|23082699
143716659|12587400|36363600|43710960|27972000|23082699
143799443|12587400|36363600|43793744|27972000|23082699
143840835|12587400|36363600|43835136|27972000|23082699
143882227|12587400|36363600|43876528|27972000|23082699
143923619|12587400|36363600|43917920|27972000|23082699
143965011|12587400|36363600|43959312|27972000|23082699
144006403|12587400|36363600|44000704|27972000|23082699
144047795|12587400|36363600|44042096|27972000|23082699
145446395|12587400|36363600|44042096|27972000|24481299
145487787|12587400|36363600|44042096|27972000|24522691
145487787|12587400|36363600|44042096|27972000|24522691
145529179|12587400|36363600|44042096|27972000|24564083
145529179|12587400|36363600|44042096|27972000|24564083
145570571|12587400|36363600|44042096|27972000|24605475
145611963|12587400|36363600|44042096|27972000|24646867
145653355|12587400|36363600|44042096|27972000|24688259
147051955|12587400|36363600|44042096|27972000|26086859
148450555|12587400|36363600|44042096|27972000|27485459
149402571|12587400|36363600|44994112|27972000|27485459
149443963|12587400|36363600|45035504|27972000|27485459
149485355|12587400|36363600|45076896|27972000|27485459
149526747|12587400|36363600|45118288|27972000|27485459
149568139|12587400|36363600|45159680|27972000|27485459
149609531|12587400|36363600|45201072|27972000|27485459
151008131|12587400|36363600|45201072|29370600|27485459
152406731|12587400|36363600|45201072|30769200|27485459
153805331|12587400|36363600|45201072|32167800|27485459
155203931|12587400|36363600|45201072|33566400|27485459
155783419|12587400|36363600|45780560|33566400|27485459
155783419|12587400|36363600|45780560|33566400|27485459
155824811|12587400|36363600|45821952|33566400|27485459
155866203|12587400|36363600|45863344|33566400|27485459
155907595|12587400|36363600|45904736|33566400|27485459
155948987|12587400|36363600|45946128|33566400|27485459
155990379|12587400|36363600|45987520|33566400|27485459
156404299|12587400|36363600|46401440|33566400|27485459
157802899|13986000|36363600|46401440|33566400|27485459
157885683|13986000|36363600|46484224|33566400|27485459
157927075|13986000|36363600|46525616|33566400|27485459
157968467|13986000|36363600|46567008|33566400|27485459
158009859|13986000|36363600|46608400|33566400|27485459
158051251|13986000|36363600|46649792|33566400|27485459
158092643|13986000|36363600|46691184|33566400|27485459
158465171|13986000|36363600|47063712|33566400|27485459
159863771|13986000|36363600|47063712|34965000|27485459
159987947|13986000|36363600|47187888|34965000|27485459
160029339|13986000|36363600|47229280|34965000|27485459
160070731|13986000|36363600|47270672|34965000|27485459
160112123|13986000|36363600|47312064|34965000|27485459
160153515|13986000|36363600|47353456|34965000|27485459
160194907|13986000|36363600|47394848|34965000|27485459
160526043|13986000|36363600|47725984|34965000|27485459
161924643|15384600|36363600|47725984|34965000|27485459
162048819|15384600|36363600|47850160|34965000|27485459
162090211|15384600|36363600|47891552|34965000|27485459
162131603|15384600|36363600|47932944|34965000|27485459
162172995|15384600|36363600|47974336|34965000|27485459
162214387|15384600|36363600|48015728|34965000|27485459
162255779|15384600|36363600|48057120|34965000|27485459
162628307|15384600|36363600|48429648|34965000|27485459
164026907|15384600|36363600|48429648|36363600|27485459
164109691|15384600|36363600|48512432|36363600|27485459
164151083|15384600|36363600|48553824|36363600|27485459
164192475|15384600|36363600|48595216|36363600|27485459
164233867|15384600|36363600|48636608|36363600|27485459
164275259|15384600|36363600|48678000|36363600|27485459
164316651|15384600|36363600|48719392|36363600|27485459
164647787|15384600|36363600|49050528|36363600|27485459
166046387|15384600|36363600|49050528|37762200|27485459
166211955|15384600|36363600|49216096|37762200|27485459
166253347|15384600|36363600|49257488|37762200|27485459
166294739|15384600|36363600|49298880|37762200|27485459
166336131|15384600|36363600|49340272|37762200|27485459
166377523|15384600|36363600|49381664|37762200|27485459
166418915|15384600|36363600|49423056|37762200|27485459
166750051|15384600|36363600|49754192|37762200|27485459
168148651|15384600|36363600|49754192|37762200|28884059
168190043|15384600|36363600|49754192|37762200|28925451
168190043|15384600|36363600|49754192|37762200|28925451
168231435|15384600|36363600|49754192|37762200|28966843
168231435|15384600|36363600|49754192|37762200|28966843
168272827|15384600|36363600|49754192|37762200|29008235
168314219|15384600|36363600|49754192|37762200|29049627
168355611|15384600|36363600|49754192|37762200|29091019
169754211|15384600|36363600|49754192|37762200|30489619
171152811|15384600|36363600|49754192|37762200|31888219
171773691|15384600|36363600|50375072|37762200|31888219
171815083|15384600|36363600|50416464|37762200|31888219
171856475|15384600|36363600|50457856|37762200|31888219
171897867|15384600|36363600|50499248|37762200|31888219
171939259|15384600|36363600|50540640|37762200|31888219
171980651|15384600|36363600|50582032|37762200|31888219
173379251|15384600|37762200|50582032|37762200|31888219
174777851|15384600|39160800|50582032|37762200|31888219
176176451|15384600|40559400|50582032|37762200|31888219
176714547|15384600|40559400|51120128|37762200|31888219
176755939|15384600|40559400|51161520|37762200|31888219
176797331|15384600|40559400|51202912|37762200|31888219
176838723|15384600|40559400|51244304|37762200|31888219
176880115|15384600|40559400|51285696|37762200|31888219
176921507|15384600|40559400|51327088|37762200|31888219
177252643|15384600|40559400|51658224|37762200|31888219
178651243|15384600|41958000|51658224|37762200|31888219
178775419|15384600|41958000|51782400|37762200|31888219
178816811|15384600|41958000|51823792|37762200|31888219
178858203|15384600|41958000|51865184|37762200|31888219
178899595|15384600|41958000|51906576|37762200|31888219
178940987|15384600|41958000|51947968|37762200|31888219
178982379|15384600|41958000|51989360|37762200|31888219
179354907|15384600|41958000|52361888|37762200|31888219
180753507|15384600|41958000|52361888|39160800|31888219
180836291|15384600|41958000|52444672|39160800|31888219
180877683|15384600|41958000|52486064|39160800|31888219
180919075|15384600|41958000|52527456|39160800|31888219
180960467|15384600|41958000|52568848|39160800|31888219
181001859|15384600|41958000|52610240|39160800|31888219
181043251|15384600|41958000|52651632|39160800|31888219
181374387|15384600|41958000|52982768|39160800|31888219
182772987|15384600|41958000|52982768|40559400|31888219
182938555|15384600|41958000|53148336|40559400|31888219
182979947|15384600|41958000|53189728|40559400|31888219
183021339|15384600|41958000|53231120|40559400|31888219
183062731|15384600|41958000|53272512|40559400|31888219
183104123|15384600|41958000|53313904|40559400|31888219
183145515|15384600|41958000|53355296|40559400|31888219
183186907|15384600|41958000|53396688|40559400|31888219
184585507|15384600|41958000|53396688|40559400|33286819
184626899|15384600|41958000|53396688|40559400|33328211
184626899|15384600|41958000|53396688|40559400|33328211
184668291|15384600|41958000|53396688|40559400|33369603
184668291|15384600|41958000|53396688|40559400|33369603
184709683|15384600|41958000|53396688|40559400|33410995
184751075|15384600|41958000|53396688|40559400|33452387
184792467|15384600|41958000|53396688|40559400|33493779
186191067|15384600|41958000|53396688|40559400|34892379
187478715|15384600|41958000|53396688|40559400|36180027
188389339|15384600|41958000|54307312|40559400|36180027
188430731|15384600|41958000|54348704|40559400|36180027
188472123|15384600|41958000|54390096|40559400|36180027
188513515|15384600|41958000|54431488|40559400|36180027
188554907|15384600|41958000|54472880|40559400|36180027
188596299|15384600|41958000|54514272|40559400|36180027
189994899|16783200|41958000|54514272|40559400|36180027
191393499|18181800|41958000|54514272|40559400|36180027
192792099|19580400|41958000|54514272|40559400|36180027
193330195|19580400|41958000|55052368|40559400|36180027
193371587|19580400|41958000|55093760|40559400|36180027
193412979|19580400|41958000|55135152|40559400|36180027
193454371|19580400|41958000|55176544|40559400|36180027
193495763|19580400|41958000|55217936|40559400|36180027
193537155|19580400|41958000|55259328|40559400|36180027
193868291|19580400|41958000|55590464|40559400|36180027
194737523|19580400|41958000|55590464|40559400|37049259
194778915|19580400|41958000|55590464|40559400|37090651
194778915|19580400|41958000|55590464|40559400|37090651
194820307|19580400|41958000|55590464|40559400|37132043
194820307|19580400|41958000|55590464|40559400|37132043
194861699|19580400|41958000|55590464|40559400|37173435
194903091|19580400|41958000|55590464|40559400|37214827
194944483|19580400|41958000|55590464|40559400|37256219
195317011|19580400|41958000|55590464|40559400|37628747
195896499|19580400|41958000|56169952|40559400|37628747
195937891|19580400|41958000|56211344|40559400|37628747
195979283|19580400|41958000|56252736|40559400|37628747
196020675|19580400|41958000|56294128|40559400|37628747
196062067|19580400|41958000|56335520|40559400|37628747
196103459|19580400|41958000|56376912|40559400|37628747
196434595|19580400|41958000|56708048|40559400|37628747
196848515|19580400|41958000|56708048|40559400|38042667
196889907|19580400|41958000|56708048|40559400|38084059
196889907|19580400|41958000|56708048|40559400|38084059
196931299|19580400|41958000|56708048|40559400|38125451
196931299|19580400|41958000|56708048|40559400|38125451
196972691|19580400|41958000|56708048|40559400|38166843
197014083|19580400|41958000|56708048|40559400|38208235
197055475|19580400|41958000|56708048|40559400|38249627
197428003|19580400|41958000|56708048|40559400|38622155
197510787|19580400|41958000|56708048|40559400|38704939
198173059|19580400|41958000|57370320|40559400|38704939
198214451|19580400|41958000|57411712|40559400|38704939
198255843|19580400|41958000|57453104|40559400|38704939
198297235|19580400|41958000|57494496|40559400|38704939
198338627|19580400|41958000|57535888|40559400|38704939
198380019|19580400|41958000|57577280|40559400|38704939
198752547|19580400|41958000|57949808|40559400|38704939
200151147|20979000|41958000|57949808|40559400|38704939
200233931|20979000|41958000|58032592|40559400|38704939
200275323|20979000|41958000|58073984|40559400|38704939
200316715|20979000|41958000|58115376|40559400|38704939
200358107|20979000|41958000|58156768|40559400|38704939
200399499|20979000|41958000|58198160|40559400|38704939
200440891|20979000|41958000|58239552|40559400|38704939
200772027|20979000|41958000|58570688|40559400|38704939
202170627|20979000|41958000|58570688|41958000|38704939
202336195|20979000|41958000|58736256|41958000|38704939
202377587|20979000|41958000|58777648|41958000|38704939
202418979|20979000|41958000|58819040|41958000|38704939
202460371|20979000|41958000|58860432|41958000|38704939
202501763|20979000|41958000|58901824|41958000|38704939
202543155|20979000|41958000|58943216|41958000|38704939
202874291|20979000|41958000|59274352|41958000|38704939
202874291|20979000|41958000|59274352|41958000|38704939
