0|0|0|0|1398600
0|0|0|0|1803200
0|0|0|0|1803200
1398600|0|0|0|1803200
1918400|0|0|0|1803200
1918400|0|0|0|1803200
1918400|0|0|0|1803200
1918400|0|0|0|1803200
1918400|1398600|0|0|1803200
1918400|2091200|0|0|1803200
1918400|2091200|0|0|1803200
1918400|2091200|1398600|0|1803200
1918400|2091200|2187200|0|1803200
1918400|2091200|2187200|0|1803200
1918400|2091200|2187200|1398600|1803200
1918400|2091200|2187200|2340800|1803200
1918400|2091200|2187200|2340800|1803200
1918400|2091200|2187200|2340800|1803200
1918400|2091200|2187200|2340800|1803200
1918400|2091200|2187200|2340800|1803200
1918400|2091200|2187200|2340800|1803200
1918400|2091200|2187200|2340800|1803200
1918400|2091200|2187200|2340800|1803200
1918400|2091200|2187200|2340800|1803200
1918400|2091200|2187200|2340800|1803200
1918400|2091200|2187200|2340800|1803200
1918400|2091200|2187200|2340800|1803200
1918400|2091200|2187200|2340800|1803200
1918400|2091200|2187200|2340800|1803200
1918400|2091200|2187200|2340800|1803200
1918400|2091200|2187200|2340800|1803200
1918400|2091200|2187200|2340800|1803200
1918400|2091200|2187200|2340800|1803200
1918400|2091200|2187200|2340800|1803200
1918400|2091200|2187200|2340800|1803200
1918400|2091200|2187200|2340800|1803200
1918400|2091200|2187200|2340800|1803200
1918400|2091200|2187200|2340800|1803200
1918400|2091200|2187200|2340800|1803200
1918400|2091200|2187200|2340800|1803200
1918400|2091200|2187200|2340800|1803200
1918400|2091200|2187200|2340800|1803200
1918400|2091200|2187200|2340800|1803200
1918400|2091200|2187200|2340800|1803200
1918400|2091200|2187200|2340800|1803200
1918400|2091200|2187200|2340800|1803200
1918400|2091200|2187200|2340800|1803200
1918400|2091200|2187200|2340800|1803200
1918400|2091200|2187200|2340800|1803200
1918400|2091200|2187200|2340800|1803200
1918400|2091200|2187200|2340800|1803200
1918400|2091200|2187200|2340800|1803200
1918400|2091200|2187200|2340800|1803200
1918400|2091200|2187200|2340800|1803200
1918400|2091200|2187200|2340800|1803200
1918400|2091200|2187200|3420400|1803200
1918400|2091200|2187200|3420400|1803200
1918400|2091200|2187200|3420400|1803200
1918400|2091200|2187200|3420400|1803200
1918400|2091200|2187200|3420400|1803200
1918400|2091200|2187200|3420400|1803200
1918400|2091200|2187200|3420400|1803200
1918400|2091200|2187200|3420400|1803200
1918400|2091200|2187200|3420400|1803200
1918400|2091200|2187200|3420400|1803200
1918400|2091200|2187200|3420400|1803200
1918400|2091200|2187200|3420400|1803200
1918400|2091200|2187200|3420400|1803200
1918400|2091200|2187200|3420400|2401400
1918400|2091200|2187200|3420400|2401400
1918400|2091200|2187200|3420400|2401400
1918400|2091200|2187200|3420400|2401400
1918400|2091200|2187200|3420400|2401400
1918400|2091200|2187200|3420400|2401400
1918400|2091200|2187200|3420400|2401400
1918400|2091200|2187200|3420400|2401400
1918400|2091200|2187200|3420400|2401400
1918400|2091200|2187200|3420400|2401400
1918400|2091200|2187200|3420400|2401400
1918400|2091200|2187200|3420400|2401400
1918400|2091200|2187200|3420400|2401400
1918400|2535800|2187200|3420400|2401400
1918400|2535800|2187200|3420400|2401400
1918400|2535800|2187200|3420400|2401400
1918400|2535800|2187200|3420400|2401400
1918400|2535800|2187200|3420400|2401400
1918400|2535800|2187200|3420400|2401400
1918400|2535800|2187200|3420400|2401400
1918400|2535800|2187200|3420400|2401400
1918400|2535800|2187200|3420400|2401400
1918400|2535800|2187200|3420400|2401400
1918400|2535800|2187200|3420400|2401400
1918400|2535800|2187200|3420400|2401400
1918400|2535800|2187200|3420400|2401400
1918400|2535800|2574200|3420400|2401400
1918400|2535800|2574200|3420400|2401400
1918400|2535800|2574200|3420400|2401400
1918400|2535800|2574200|3420400|2401400
1918400|2535800|2574200|3420400|2401400
1918400|2535800|2574200|3420400|2401400
1918400|2535800|2574200|3420400|2401400
1918400|2535800|2574200|3420400|2401400
1918400|2535800|2574200|3420400|2401400
1918400|2535800|2574200|3420400|2401400
1918400|2535800|2574200|3420400|2401400
1918400|2535800|2574200|3420400|2401400
1918400|2535800|2574200|3420400|2401400
1918400|2535800|2574200|3980200|2401400
1918400|2535800|2574200|3980200|2401400
1918400|2535800|2574200|3980200|2401400
1918400|2535800|2574200|3980200|2401400
1918400|2535800|2574200|3980200|2401400
1918400|2535800|2574200|3980200|2401400
1918400|2535800|2574200|3980200|2401400
1918400|2535800|2574200|3980200|2401400
1918400|2535800|2574200|3980200|2401400
1918400|2535800|2574200|3980200|2401400
1918400|2535800|2574200|3980200|2401400
1918400|2535800|2574200|3980200|2401400
1918400|2535800|2574200|3980200|2401400
1918400|2535800|2574200|3980200|2961200
1918400|2535800|2574200|3980200|2961200
1918400|2535800|2574200|3980200|2961200
1918400|2535800|2574200|3980200|2961200
1918400|2535800|2574200|3980200|2961200
1918400|2535800|2574200|3980200|2961200
1918400|2535800|2574200|3980200|2961200
1918400|2535800|2574200|3980200|2961200
1918400|2535800|2574200|3980200|2961200
1918400|2535800|2574200|3980200|2961200
1918400|2535800|2574200|3980200|2961200
1918400|2535800|2574200|3980200|2961200
1918400|2535800|2574200|3980200|2961200
1918400|2922800|2574200|3980200|2961200
1918400|2922800|2574200|3980200|2961200
1918400|2922800|2574200|3980200|2961200
1918400|2922800|2574200|3980200|2961200
1918400|2922800|2574200|3980200|2961200
1918400|2922800|2574200|3980200|2961200
1918400|2922800|2574200|3980200|2961200
1918400|2922800|2574200|3980200|2961200
1918400|2922800|2574200|3980200|2961200
1918400|2922800|2574200|3980200|2961200
1918400|2922800|2574200|3980200|2961200
1918400|2922800|2574200|3980200|2961200
1918400|2922800|2574200|3980200|2961200
1918400|2922800|2942000|3980200|2961200
1918400|2922800|2942000|3980200|2961200
1918400|2922800|2942000|3980200|2961200
1918400|2922800|2942000|3980200|2961200
1918400|2922800|2942000|3980200|2961200
1918400|2922800|2942000|3980200|2961200
1918400|2922800|2942000|3980200|2961200
1918400|2922800|2942000|3980200|2961200
1918400|2922800|2942000|3980200|2961200
1918400|2922800|2942000|3980200|2961200
1918400|2922800|2942000|3980200|2961200
1918400|2922800|2942000|3980200|2961200
1918400|2922800|2942000|3980200|2961200
1918400|2922800|2942000|4540000|2961200
1918400|2922800|2942000|4540000|2961200
1918400|2922800|2942000|4540000|2961200
1918400|2922800|2942000|4540000|2961200
1918400|2922800|2942000|4540000|2961200
1918400|2922800|2942000|4540000|2961200
1918400|2922800|2942000|4540000|2961200
1918400|2922800|2942000|4540000|2961200
1918400|2922800|2942000|4540000|2961200
1918400|2922800|2942000|4540000|2961200
1918400|2922800|2942000|4540000|2961200
1918400|2922800|2942000|4540000|2961200
1918400|2922800|2942000|4540000|2961200
1918400|2922800|2942000|4540000|3521000
1918400|2922800|2942000|4540000|3521000
1918400|2922800|2942000|4540000|3521000
1918400|2922800|2942000|4540000|3521000
1918400|2922800|2942000|4540000|3521000
1918400|2922800|2942000|4540000|3521000
1918400|2922800|2942000|4540000|3521000
1918400|2922800|2942000|4540000|3521000
1918400|2922800|2942000|4540000|3521000
1918400|2922800|2942000|4540000|3521000
1918400|2922800|2942000|4540000|3521000
1918400|2922800|2942000|4540000|3521000
1918400|2922800|2942000|4540000|3521000
1918400|3309800|2942000|4540000|3521000
1918400|3309800|2942000|4540000|3521000
1918400|3309800|2942000|4540000|3521000
1918400|3309800|2942000|4540000|3521000
1918400|3309800|2942000|4540000|3521000
1918400|3309800|2942000|4540000|3521000
1918400|3309800|2942000|4540000|3521000
1918400|3309800|2942000|4540000|3521000
1918400|3309800|2942000|4540000|3521000
1918400|3309800|2942000|4540000|3521000
1918400|3309800|2942000|4540000|3521000
1918400|3309800|2942000|4540000|3521000
1918400|3309800|2942000|4540000|3521000
1918400|3309800|3716000|4540000|3521000
1918400|3309800|3716000|4540000|3521000
1918400|3309800|3716000|4540000|3521000
1918400|3309800|3716000|4540000|3521000
1918400|3309800|3716000|4540000|3521000
1918400|3309800|3716000|4540000|3521000
1918400|3309800|3716000|4540000|3521000
1918400|3309800|3716000|4540000|3521000
1918400|3309800|3716000|4540000|3521000
1918400|3309800|3716000|4540000|3521000
1918400|3309800|3716000|4540000|3521000
1918400|3309800|3716000|4540000|3521000
1918400|3309800|3716000|4540000|3521000
1918400|3309800|3716000|5099800|3521000
1918400|3309800|3716000|5099800|3521000
1918400|3309800|3716000|5099800|3521000
1918400|3309800|3716000|5099800|3521000
1918400|3309800|3716000|5099800|3521000
1918400|3309800|3716000|5099800|3521000
1918400|3309800|3716000|5099800|3521000
1918400|3309800|3716000|5099800|3521000
1918400|3309800|3716000|5099800|3521000
1918400|3309800|3716000|5099800|3521000
1918400|3309800|3716000|5099800|3521000
1918400|3309800|3716000|5099800|3521000
1918400|3309800|3716000|5099800|3521000
1918400|3309800|3716000|5099800|4080800
1918400|3309800|3716000|5099800|4080800
1918400|3309800|3716000|5099800|4080800
1918400|3309800|3716000|5099800|4080800
1918400|3309800|3716000|5099800|4080800
1918400|3309800|3716000|5099800|4080800
1918400|3309800|3716000|5099800|4080800
1918400|3309800|3716000|5099800|4080800
1918400|3309800|3716000|5099800|4080800
1918400|3309800|3716000|5099800|4080800
1918400|3309800|3716000|5099800|4080800
1918400|3309800|3716000|5099800|4080800
1918400|3309800|3716000|5099800|4080800
1918400|3716000|3716000|5099800|4080800
1918400|3716000|3716000|5099800|4080800
1918400|3716000|3716000|5099800|4080800
1918400|3716000|3716000|5099800|4080800
1918400|3716000|3716000|5099800|4080800
1918400|3716000|3716000|5099800|4080800
1918400|3716000|3716000|5099800|4080800
1918400|3716000|3716000|5099800|4080800
1918400|3716000|3716000|5099800|4080800
1918400|3716000|3716000|5099800|4080800
1918400|3716000|3716000|5099800|4080800
1918400|3716000|3716000|5099800|4080800
1918400|3716000|3716000|5099800|4080800
1918400|3716000|4083800|5099800|4080800
1918400|3716000|4083800|5099800|4080800
1918400|3716000|4083800|5099800|4080800
1918400|3716000|4083800|5099800|4080800
1918400|3716000|4083800|5099800|4080800
1918400|3716000|4083800|5099800|4080800
1918400|3716000|4083800|5099800|4080800
1918400|3716000|4083800|5099800|4080800
1918400|3716000|4083800|5099800|4080800
1918400|3716000|4083800|5099800|4080800
1918400|3716000|4083800|5099800|4080800
1918400|3716000|4083800|5099800|4080800
1918400|3716000|4083800|5099800|4080800
1918400|3716000|4083800|5659600|4080800
1918400|3716000|4083800|5659600|4080800
1918400|3716000|4083800|5659600|4080800
1918400|3716000|4083800|5659600|4080800
1918400|3716000|4083800|5659600|4080800
1918400|3716000|4083800|5659600|4080800
1918400|3716000|4083800|5659600|4080800
1918400|3716000|4083800|5659600|4080800
1918400|3716000|4083800|5659600|4080800
1918400|3716000|4083800|5659600|4080800
1918400|3716000|4083800|5659600|4080800
1918400|3716000|4083800|5659600|4080800
1918400|3716000|4083800|5659600|4080800
1918400|3716000|4083800|5659600|4640600
1918400|3716000|4083800|5659600|4640600
1918400|3716000|4083800|5659600|4640600
1918400|3716000|4083800|5659600|4640600
1918400|3716000|4083800|5659600|4640600
1918400|3716000|4083800|5659600|4640600
1918400|3716000|4083800|5659600|4640600
1918400|3716000|4083800|5659600|4640600
1918400|3716000|4083800|5659600|4640600
1918400|3716000|4083800|5659600|4640600
1918400|3716000|4083800|5659600|4640600
1918400|3716000|4083800|5659600|4640600
1918400|3716000|4083800|5659600|4640600
1918400|4103000|4083800|5659600|4640600
1918400|4103000|4083800|5659600|4640600
1918400|4103000|4083800|5659600|4640600
1918400|4103000|4083800|5659600|4640600
1918400|4103000|4083800|5659600|4640600
1918400|4103000|4083800|5659600|4640600
1918400|4103000|4083800|5659600|4640600
1918400|4103000|4083800|5659600|4640600
1918400|4103000|4083800|5659600|4640600
1918400|4103000|4083800|5659600|4640600
1918400|4103000|4083800|5659600|4640600
1918400|4103000|4083800|5659600|4640600
1918400|4103000|4083800|5659600|4640600
1918400|4103000|4857800|5659600|4640600
1918400|4103000|4857800|5659600|4640600
1918400|4103000|4857800|5659600|4640600
1918400|4103000|4857800|5659600|4640600
1918400|4103000|4857800|5659600|4640600
1918400|4103000|4857800|5659600|4640600
1918400|4103000|4857800|5659600|4640600
1918400|4103000|4857800|5659600|4640600
1918400|4103000|4857800|5659600|4640600
1918400|4103000|4857800|5659600|4640600
1918400|4103000|4857800|5659600|4640600
1918400|4103000|4857800|5659600|4640600
1918400|4103000|4857800|5659600|4640600
1918400|4103000|4857800|6219400|4640600
1918400|4103000|4857800|6219400|4640600
1918400|4103000|4857800|6219400|4640600
1918400|4103000|4857800|6219400|4640600
1918400|4103000|4857800|6219400|4640600
1918400|4103000|4857800|6219400|4640600
1918400|4103000|4857800|6219400|4640600
1918400|4103000|4857800|6219400|4640600
1918400|4103000|4857800|6219400|4640600
1918400|4103000|4857800|6219400|4640600
1918400|4103000|4857800|6219400|4640600
1918400|4103000|4857800|6219400|4640600
1918400|4103000|4857800|6219400|4640600
1918400|4103000|4857800|6219400|5200400
1918400|4103000|4857800|6219400|5200400
1918400|4103000|4857800|6219400|5200400
1918400|4103000|4857800|6219400|5200400
1918400|4103000|4857800|6219400|5200400
1918400|4103000|4857800|6219400|5200400
1918400|4103000|4857800|6219400|5200400
1918400|4103000|4857800|6219400|5200400
1918400|4103000|4857800|6219400|5200400
1918400|4103000|4857800|6219400|5200400
1918400|4103000|4857800|6219400|5200400
1918400|4103000|4857800|6219400|5200400
1918400|4103000|4857800|6219400|5200400
1918400|4490000|4857800|6219400|5200400
1918400|4490000|4857800|6219400|5200400
1918400|4490000|4857800|6219400|5200400
1918400|4490000|4857800|6219400|5200400
1918400|4490000|4857800|6219400|5200400
1918400|4490000|4857800|6219400|5200400
1918400|4490000|4857800|6219400|5200400
1918400|4490000|4857800|6219400|5200400
1918400|4490000|4857800|6219400|5200400
1918400|4490000|4857800|6219400|5200400
1918400|4490000|4857800|6219400|5200400
1918400|4490000|4857800|6219400|5200400
1918400|4490000|4857800|6219400|5200400
1918400|4490000|5206400|6219400|5200400
1918400|4490000|5206400|6219400|5200400
1918400|4490000|5206400|6219400|5200400
1918400|4490000|5206400|6219400|5200400
1918400|4490000|5206400|6219400|5200400
1918400|4490000|5206400|6219400|5200400
1918400|4490000|5206400|6219400|5200400
1918400|4490000|5206400|6219400|5200400
1918400|4490000|5206400|6219400|5200400
1918400|4490000|5206400|6219400|5200400
1918400|4490000|5206400|6219400|5200400
1918400|4490000|5206400|6219400|5200400
1918400|4490000|5206400|6219400|5200400
1918400|4490000|5206400|6779200|5200400
1918400|4490000|5206400|6779200|5200400
1918400|4490000|5206400|6779200|5200400
1918400|4490000|5206400|6779200|5200400
1918400|4490000|5206400|6779200|5200400
1918400|4490000|5206400|6779200|5200400
1918400|4490000|5206400|6779200|5200400
1918400|4490000|5206400|6779200|5200400
1918400|4490000|5206400|6779200|5200400
1918400|4490000|5206400|6779200|5200400
1918400|4490000|5206400|6779200|5200400
1918400|4490000|5206400|6779200|5200400
1918400|4490000|5206400|6779200|5200400
1918400|4490000|5206400|6779200|5760200
1918400|4490000|5206400|6779200|5760200
1918400|4490000|5206400|6779200|5760200
1918400|4490000|5206400|6779200|5760200
1918400|4490000|5206400|6779200|5760200
1918400|4490000|5206400|6779200|5760200
1918400|4490000|5206400|6779200|5760200
1918400|4490000|5206400|6779200|5760200
1918400|4490000|5206400|6779200|5760200
1918400|4490000|5206400|6779200|5760200
1918400|4490000|5206400|6779200|5760200
1918400|4490000|5206400|6779200|5760200
1918400|4490000|5206400|6779200|5760200
1918400|4896200|5206400|6779200|5760200
1918400|4896200|5206400|6779200|5760200
1918400|4896200|5206400|6779200|5760200
1918400|4896200|5206400|6779200|5760200
1918400|4896200|5206400|6779200|5760200
1918400|4896200|5206400|6779200|5760200
1918400|4896200|5206400|6779200|5760200
1918400|4896200|5206400|6779200|5760200
1918400|4896200|5206400|6779200|5760200
1918400|4896200|5206400|6779200|5760200
1918400|4896200|5206400|6779200|5760200
1918400|4896200|5206400|6779200|5760200
1918400|4896200|5206400|6779200|5760200
1918400|4896200|5961200|6779200|5760200
1918400|4896200|5961200|6779200|5760200
1918400|4896200|5961200|6779200|5760200
1918400|4896200|5961200|6779200|5760200
1918400|4896200|5961200|6779200|5760200
1918400|4896200|5961200|6779200|5760200
1918400|4896200|5961200|6779200|5760200
1918400|4896200|5961200|6779200|5760200
1918400|4896200|5961200|6779200|5760200
1918400|4896200|5961200|6779200|5760200
1918400|4896200|5961200|6779200|5760200
1918400|4896200|5961200|6779200|5760200
1918400|4896200|5961200|6779200|5760200
1918400|4896200|5961200|7339000|5760200
1918400|4896200|5961200|7339000|5760200
1918400|4896200|5961200|7339000|5760200
1918400|4896200|5961200|7339000|5760200
1918400|4896200|5961200|7339000|5760200
1918400|4896200|5961200|7339000|5760200
1918400|4896200|5961200|7339000|5760200
1918400|4896200|5961200|7339000|5760200
1918400|4896200|5961200|7339000|5760200
1918400|4896200|5961200|7339000|5760200
1918400|4896200|5961200|7339000|5760200
1918400|4896200|5961200|7339000|5760200
1918400|4896200|5961200|7339000|5760200
1918400|4896200|5961200|7339000|6320000
1918400|4896200|5961200|7339000|6320000
1918400|4896200|5961200|7339000|6320000
1918400|4896200|5961200|7339000|6320000
1918400|4896200|5961200|7339000|6320000
1918400|4896200|5961200|7339000|6320000
1918400|4896200|5961200|7339000|6320000
1918400|4896200|5961200|7339000|6320000
1918400|4896200|5961200|7339000|6320000
1918400|4896200|5961200|7339000|6320000
1918400|4896200|5961200|7339000|6320000
1918400|4896200|5961200|7339000|6320000
1918400|4896200|5961200|7339000|6320000
1918400|5283200|5961200|7339000|6320000
1918400|5283200|5961200|7339000|6320000
1918400|5283200|5961200|7339000|6320000
1918400|5283200|5961200|7339000|6320000
1918400|5283200|5961200|7339000|6320000
1918400|5283200|5961200|7339000|6320000
1918400|5283200|5961200|7339000|6320000
1918400|5283200|5961200|7339000|6320000
1918400|5283200|5961200|7339000|6320000
1918400|5283200|5961200|7339000|6320000
1918400|5283200|5961200|7339000|6320000
1918400|5283200|5961200|7339000|6320000
1918400|5283200|5961200|7339000|6320000
1918400|5283200|6329000|7339000|6320000
1918400|5283200|6329000|7339000|6320000
1918400|5283200|6329000|7339000|6320000
1918400|5283200|6329000|7339000|6320000
1918400|5283200|6329000|7339000|6320000
1918400|5283200|6329000|7339000|6320000
1918400|5283200|6329000|7339000|6320000
1918400|5283200|6329000|7339000|6320000
1918400|5283200|6329000|7339000|6320000
1918400|5283200|6329000|7339000|6320000
1918400|5283200|6329000|7339000|6320000
1918400|5283200|6329000|7339000|6320000
1918400|5283200|6329000|7339000|6320000
1918400|5283200|6329000|7898800|6320000
1918400|5283200|6329000|7898800|6320000
1918400|5283200|6329000|7898800|6320000
1918400|5283200|6329000|7898800|6320000
1918400|5283200|6329000|7898800|6320000
1918400|5283200|6329000|7898800|6320000
1918400|5283200|6329000|7898800|6320000
1918400|5283200|6329000|7898800|6320000
1918400|5283200|6329000|7898800|6320000
1918400|5283200|6329000|7898800|6320000
1918400|5283200|6329000|7898800|6320000
1918400|5283200|6329000|7898800|6320000
1918400|5283200|6329000|7898800|6320000
1918400|5283200|6329000|7898800|6879800
1918400|5283200|6329000|7898800|6879800
1918400|5283200|6329000|7898800|6879800
1918400|5283200|6329000|7898800|6879800
1918400|5283200|6329000|7898800|6879800
1918400|5283200|6329000|7898800|6879800
1918400|5283200|6329000|7898800|6879800
1918400|5283200|6329000|7898800|6879800
1918400|5283200|6329000|7898800|6879800
1918400|5283200|6329000|7898800|6879800
1918400|5283200|6329000|7898800|6879800
1918400|5283200|6329000|7898800|6879800
1918400|5283200|6329000|7898800|6879800
1918400|5670200|6329000|7898800|6879800
1918400|5670200|6329000|7898800|6879800
1918400|5670200|6329000|7898800|6879800
1918400|5670200|6329000|7898800|6879800
1918400|5670200|6329000|7898800|6879800
1918400|5670200|6329000|7898800|6879800
1918400|5670200|6329000|7898800|6879800
1918400|5670200|6329000|7898800|6879800
1918400|5670200|6329000|7898800|6879800
1918400|5670200|6329000|7898800|6879800
1918400|5670200|6329000|7898800|6879800
1918400|5670200|6329000|7898800|6879800
1918400|5670200|6329000|7898800|6879800
1918400|5670200|7083800|7898800|6879800
1918400|5670200|7083800|7898800|6879800
1918400|5670200|7083800|7898800|6879800
1918400|5670200|7083800|7898800|6879800
1918400|5670200|7083800|7898800|6879800
1918400|5670200|7083800|7898800|6879800
1918400|5670200|7083800|7898800|6879800
1918400|5670200|7083800|7898800|6879800
1918400|5670200|7083800|7898800|6879800
1918400|5670200|7083800|7898800|6879800
1918400|5670200|7083800|7898800|6879800
1918400|5670200|7083800|7898800|6879800
1918400|5670200|7083800|7898800|6879800
1918400|5670200|7083800|8458600|6879800
1918400|5670200|7083800|8458600|6879800
1918400|5670200|7083800|8458600|6879800
1918400|5670200|7083800|8458600|6879800
1918400|5670200|7083800|8458600|6879800
1918400|5670200|7083800|8458600|6879800
1918400|5670200|7083800|8458600|6879800
1918400|5670200|7083800|8458600|6879800
1918400|5670200|7083800|8458600|6879800
1918400|5670200|7083800|8458600|6879800
1918400|5670200|7083800|8458600|6879800
1918400|5670200|7083800|8458600|6879800
1918400|5670200|7083800|8458600|6879800
1918400|5670200|7083800|8458600|7439600
1918400|5670200|7083800|8458600|7439600
1918400|5670200|7083800|8458600|7439600
1918400|5670200|7083800|8458600|7439600
1918400|5670200|7083800|8458600|7439600
1918400|5670200|7083800|8458600|7439600
1918400|5670200|7083800|8458600|7439600
1918400|5670200|7083800|8458600|7439600
1918400|5670200|7083800|8458600|7439600
1918400|5670200|7083800|8458600|7439600
1918400|5670200|7083800|8458600|7439600
1918400|5670200|7083800|8458600|7439600
1918400|5670200|7083800|8458600|7439600
1918400|6076400|7083800|8458600|7439600
1918400|6076400|7083800|8458600|7439600
1918400|6076400|7083800|8458600|7439600
1918400|6076400|7083800|8458600|7439600
1918400|6076400|7083800|8458600|7439600
1918400|6076400|7083800|8458600|7439600
1918400|6076400|7083800|8458600|7439600
1918400|6076400|7083800|8458600|7439600
1918400|6076400|7083800|8458600|7439600
1918400|6076400|7083800|8458600|7439600
1918400|6076400|7083800|8458600|7439600
1918400|6076400|7083800|8458600|7439600
1918400|6076400|7083800|8458600|7439600
1918400|6076400|7451600|8458600|7439600
1918400|6076400|7451600|8458600|7439600
1918400|6076400|7451600|8458600|7439600
1918400|6076400|7451600|8458600|7439600
1918400|6076400|7451600|8458600|7439600
1918400|6076400|7451600|8458600|7439600
1918400|6076400|7451600|8458600|7439600
1918400|6076400|7451600|8458600|7439600
1918400|6076400|7451600|8458600|7439600
1918400|6076400|7451600|8458600|7439600
1918400|6076400|7451600|8458600|7439600
1918400|6076400|7451600|8458600|7439600
1918400|6076400|7451600|8458600|7439600
1918400|6076400|7451600|9018400|7439600
1918400|6076400|7451600|9018400|7439600
1918400|6076400|7451600|9018400|7439600
1918400|6076400|7451600|9018400|7439600
1918400|6076400|7451600|9018400|7439600
1918400|6076400|7451600|9018400|7439600
1918400|6076400|7451600|9018400|7439600
1918400|6076400|7451600|9018400|7439600
1918400|6076400|7451600|9018400|7439600
1918400|6076400|7451600|9018400|7439600
1918400|6076400|7451600|9018400|7439600
1918400|6076400|7451600|9018400|7439600
1918400|6076400|7451600|9018400|7439600
1918400|6076400|7451600|9018400|7999400
1918400|6076400|7451600|9018400|7999400
1918400|6076400|7451600|9018400|7999400
1918400|6076400|7451600|9018400|7999400
1918400|6076400|7451600|9018400|7999400
1918400|6076400|7451600|9018400|7999400
1918400|6076400|7451600|9018400|7999400
1918400|6076400|7451600|9018400|7999400
1918400|6076400|7451600|9018400|7999400
1918400|6076400|7451600|9018400|7999400
1918400|6076400|7451600|9018400|7999400
1918400|6076400|7451600|9018400|7999400
1918400|6076400|7451600|9018400|7999400
1918400|6463400|7451600|9018400|7999400
1918400|6463400|7451600|9018400|7999400
1918400|6463400|7451600|9018400|7999400
1918400|6463400|7451600|9018400|7999400
1918400|6463400|7451600|9018400|7999400
1918400|6463400|7451600|9018400|7999400
1918400|6463400|7451600|9018400|7999400
1918400|6463400|7451600|9018400|7999400
1918400|6463400|7451600|9018400|7999400
1918400|6463400|7451600|9018400|7999400
1918400|6463400|7451600|9018400|7999400
1918400|6463400|7451600|9018400|7999400
1918400|6463400|7451600|9018400|7999400
1918400|6463400|8206400|9018400|7999400
1918400|6463400|8206400|9018400|7999400
1918400|6463400|8206400|9018400|7999400
1918400|6463400|8206400|9018400|7999400
1918400|6463400|8206400|9018400|7999400
1918400|6463400|8206400|9018400|7999400
1918400|6463400|8206400|9018400|7999400
1918400|6463400|8206400|9018400|7999400
1918400|6463400|8206400|9018400|7999400
1918400|6463400|8206400|9018400|7999400
1918400|6463400|8206400|9018400|7999400
1918400|6463400|8206400|9018400|7999400
1918400|6463400|8206400|9018400|7999400
1918400|6463400|8206400|9578200|7999400
1918400|6463400|8206400|9578200|7999400
1918400|6463400|8206400|9578200|7999400
1918400|6463400|8206400|9578200|7999400
1918400|6463400|8206400|9578200|7999400
1918400|6463400|8206400|9578200|7999400
1918400|6463400|8206400|9578200|7999400
1918400|6463400|8206400|9578200|7999400
1918400|6463400|8206400|9578200|7999400
1918400|6463400|8206400|9578200|7999400
1918400|6463400|8206400|9578200|7999400
1918400|6463400|8206400|9578200|7999400
1918400|6463400|8206400|9578200|7999400
1918400|6463400|8206400|9578200|8559200
1918400|6463400|8206400|9578200|8559200
1918400|6463400|8206400|9578200|8559200
1918400|6463400|8206400|9578200|8559200
1918400|6463400|8206400|9578200|8559200
1918400|6463400|8206400|9578200|8559200
1918400|6463400|8206400|9578200|8559200
1918400|6463400|8206400|9578200|8559200
1918400|6463400|8206400|9578200|8559200
1918400|6463400|8206400|9578200|8559200
1918400|6463400|8206400|9578200|8559200
1918400|6463400|8206400|9578200|8559200
1918400|6463400|8206400|9578200|8559200
1918400|6850400|8206400|9578200|8559200
1918400|6850400|8206400|9578200|8559200
1918400|6850400|8206400|9578200|8559200
1918400|6850400|8206400|9578200|8559200
1918400|6850400|8206400|9578200|8559200
1918400|6850400|8206400|9578200|8559200
1918400|6850400|8206400|9578200|8559200
1918400|6850400|8206400|9578200|8559200
1918400|6850400|8206400|9578200|8559200
1918400|6850400|8206400|9578200|8559200
1918400|6850400|8206400|9578200|8559200
1918400|6850400|8206400|9578200|8559200
1918400|6850400|8206400|9578200|8559200
1918400|6850400|8574200|9578200|8559200
1918400|6850400|8574200|9578200|8559200
1918400|6850400|8574200|9578200|8559200
1918400|6850400|8574200|9578200|8559200
1918400|6850400|8574200|9578200|8559200
1918400|6850400|8574200|9578200|8559200
1918400|6850400|8574200|9578200|8559200
1918400|6850400|8574200|9578200|8559200
1918400|6850400|8574200|9578200|8559200
1918400|6850400|8574200|9578200|8559200
1918400|6850400|8574200|9578200|8559200
1918400|6850400|8574200|9578200|8559200
1918400|6850400|8574200|9578200|8559200
1918400|6850400|8574200|10138000|8559200
1918400|6850400|8574200|10138000|8559200
1918400|6850400|8574200|10138000|8559200
1918400|6850400|8574200|10138000|8559200
1918400|6850400|8574200|10138000|8559200
1918400|6850400|8574200|10138000|8559200
1918400|6850400|8574200|10138000|8559200
1918400|6850400|8574200|10138000|8559200
1918400|6850400|8574200|10138000|8559200
1918400|6850400|8574200|10138000|8559200
1918400|6850400|8574200|10138000|8559200
1918400|6850400|8574200|10138000|8559200
1918400|6850400|8574200|10138000|8559200
1918400|6850400|8574200|10138000|9119000
1918400|6850400|8574200|10138000|9119000
1918400|6850400|8574200|10138000|9119000
1918400|6850400|8574200|10138000|9119000
1918400|6850400|8574200|10138000|9119000
1918400|6850400|8574200|10138000|9119000
1918400|6850400|8574200|10138000|9119000
1918400|6850400|8574200|10138000|9119000
1918400|6850400|8574200|10138000|9119000
1918400|6850400|8574200|10138000|9119000
1918400|6850400|8574200|10138000|9119000
1918400|6850400|8574200|10138000|9119000
1918400|6850400|8574200|10138000|9119000
1918400|7256600|8574200|10138000|9119000
1918400|7256600|8574200|10138000|9119000
1918400|7256600|8574200|10138000|9119000
1918400|7256600|8574200|10138000|9119000
1918400|7256600|8574200|10138000|9119000
1918400|7256600|8574200|10138000|9119000
1918400|7256600|8574200|10138000|9119000
1918400|7256600|8574200|10138000|9119000
1918400|7256600|8574200|10138000|9119000
1918400|7256600|8574200|10138000|9119000
1918400|7256600|8574200|10138000|9119000
1918400|7256600|8574200|10138000|9119000
1918400|7256600|8574200|10138000|9119000
1918400|7256600|9348200|10138000|9119000
1918400|7256600|9348200|10138000|9119000
1918400|7256600|9348200|10138000|9119000
